{"stats":{"minecraft:mined":{"minecraft:coal_ore":13,"minecraft:oak_log":10,"minecraft:cobblestone":4,"minecraft:stone":4,"minecraft:oak_leaves":3},"minecraft:crafted":{"minecraft:stone_sword":1,"minecraft:oak_planks":40,"minecraft:torch":8,"minecraft:crafting_table":1,"minecraft:stick":8,"minecraft:wooden_pickaxe":1,"minecraft:stone_pickaxe":1},"minecraft:killed":{"minecraft:zombie":1},"minecraft:picked_up":{"minecraft:rotten_flesh":2,"minecraft:oak_log":10,"minecraft:oak_sapling":1,"minecraft:coal":13,"minecraft:cobblestone":7},"minecraft:used":{"minecraft:torch":1,"minecraft:stone_sword":1,"minecraft:crafting_table":1,"minecraft:oak_sapling":1,"minecraft:wooden_pickaxe":40},"minecraft:broken":{"minecraft:wooden_pickaxe":1},"minecraft:custom":{"minecraft:open_chest":1,"minecraft:time_since_rest":9077,"minecraft:crouch_one_cm":5,"minecraft:play_time":9077,"minecraft:sprint_one_cm":8457,"minecraft:damage_taken":55,"minecraft:walk_one_cm":17158,"minecraft:sneak_time":31,"minecraft:mob_kills":1,"minecraft:jump":73,"minecraft:damage_dealt":472,"minecraft:time_since_death":9077,"minecraft:total_world_time":9077,"minecraft:interact_with_crafting_table":3,"minecraft:fall_one_cm":1994,"minecraft:fly_one_cm":14076}},"DataVersion":3465}