{"stats":{"minecraft:mined":{"minecraft:iron_ore":47,"minecraft:andesite":12,"minecraft:crafting_table":1,"minecraft:granite":1,"minecraft:grass":2,"minecraft:oak_log":38,"minecraft:coal_ore":45,"minecraft:cobblestone":6,"minecraft:lapis_ore":1,"minecraft:stone":126,"minecraft:diorite":7,"minecraft:wall_torch":2,"minecraft:oak_leaves":4},"minecraft:killed_by":{"minecraft:zombie":1},"minecraft:crafted":{"minecraft:oak_planks":40,"minecraft:iron_axe":1,"minecraft:crafting_table":1,"minecraft:stick":28,"minecraft:iron_ingot":9,"minecraft:wooden_pickaxe":1,"minecraft:iron_pickaxe":2,"minecraft:stone_pickaxe":1,"minecraft:stone_sword":1,"minecraft:furnace":1,"minecraft:white_bed":1,"minecraft:torch":68,"minecraft:air":0,"minecraft:cooked_mutton":3},"minecraft:killed":{"minecraft:sheep":4,"minecraft:pig":1,"minecraft:zombie":9},"minecraft:picked_up":{"minecraft:stick":1,"minecraft:crafting_table":1,"minecraft:raw_iron":56,"minecraft:andesite":12,"minecraft:torch":3,"minecraft:enchanted_book":1,"minecraft:porkchop":2,"minecraft:oak_log":36,"minecraft:diorite":7,"minecraft:gunpowder":3,"minecraft:lapis_lazuli":7,"minecraft:stone_sword":1,"minecraft:rotten_flesh":18,"minecraft:bucket":1,"minecraft:stone_pickaxe":1,"minecraft:granite":2,"minecraft:oak_sapling":1,"minecraft:oak_planks":29,"minecraft:mutton":7,"minecraft:coal":88,"minecraft:white_wool":7,"minecraft:cobblestone":184},"minecraft:used":{"minecraft:cooked_mutton":3,"minecraft:water_bucket":2,"minecraft:stone_sword":43,"minecraft:iron_axe":29,"minecraft:stone_pickaxe":95,"minecraft:bread":1,"minecraft:iron_pickaxe":129,"minecraft:wooden_pickaxe":40,"minecraft:torch":32,"minecraft:cobblestone":42,"minecraft:crafting_table":2,"minecraft:furnace":1,"minecraft:oak_sapling":1,"minecraft:bucket":3,"minecraft:white_bed":1},"minecraft:dropped":{"minecraft:rotten_flesh":10},"minecraft:broken":{"minecraft:wooden_pickaxe":1},"minecraft:custom":{"minecraft:time_since_rest":12248,"minecraft:interact_with_furnace":12,"minecraft:sprint_one_cm":38249,"minecraft:damage_taken":565,"minecraft:walk_one_cm":74040,"minecraft:mob_kills":14,"minecraft:drop":1,"minecraft:damage_dealt":2157,"minecraft:interact_with_crafting_table":9,"minecraft:fly_one_cm":53741,"minecraft:open_chest":5,"minecraft:crouch_one_cm":1411,"minecraft:play_time":33077,"minecraft:deaths":1,"minecraft:sneak_time":650,"minecraft:jump":305,"minecraft:walk_on_water_one_cm":663,"minecraft:time_since_death":13314,"minecraft:sleep_in_bed":1,"minecraft:total_world_time":33077,"minecraft:fall_one_cm":6712}},"DataVersion":3465}