{"stats":{"minecraft:mined":{"minecraft:deepslate_redstone_ore":3,"minecraft:crafting_table":1,"minecraft:torch":1,"minecraft:granite":1,"minecraft:cobblestone":24,"minecraft:lapis_ore":1,"minecraft:diorite":7,"minecraft:wall_torch":2,"minecraft:iron_ore":58,"minecraft:andesite":12,"minecraft:deepslate_lapis_ore":8,"minecraft:grass":2,"minecraft:coal_ore":53,"minecraft:oak_log":38,"minecraft:stone":129,"minecraft:deepslate":12,"minecraft:oak_leaves":4},"minecraft:killed_by":{"minecraft:skeleton":1,"minecraft:zombie":1},"minecraft:crafted":{"minecraft:oak_planks":40,"minecraft:cooked_porkchop":2,"minecraft:crafting_table":2,"minecraft:wooden_pickaxe":1,"minecraft:iron_helmet":1,"minecraft:furnace":3,"minecraft:cooked_mutton":4,"minecraft:air":0,"minecraft:iron_boots":1,"minecraft:iron_chestplate":1,"minecraft:iron_axe":1,"minecraft:stick":76,"minecraft:iron_ingot":34,"minecraft:iron_pickaxe":2,"minecraft:stone_pickaxe":1,"minecraft:stone_sword":1,"minecraft:iron_leggings":1,"minecraft:white_bed":1,"minecraft:torch":96},"minecraft:killed":{"minecraft:pig":1,"minecraft:spider":1,"minecraft:bat":1,"minecraft:skeleton":5,"minecraft:sheep":4,"minecraft:zombie":17},"minecraft:picked_up":{"minecraft:crafting_table":1,"minecraft:andesite":12,"minecraft:enchanted_book":1,"minecraft:oak_log":36,"minecraft:gunpowder":3,"minecraft:lapis_lazuli":58,"minecraft:string":2,"minecraft:bone":4,"minecraft:cobbled_deepslate":13,"minecraft:bucket":1,"minecraft:iron_ingot":1,"minecraft:stone_pickaxe":1,"minecraft:oak_planks":29,"minecraft:stick":1,"minecraft:raw_iron":67,"minecraft:torch":4,"minecraft:porkchop":2,"minecraft:diorite":7,"minecraft:redstone":15,"minecraft:spider_eye":1,"minecraft:stone_sword":1,"minecraft:arrow":6,"minecraft:rotten_flesh":27,"minecraft:granite":2,"minecraft:oak_sapling":1,"minecraft:mutton":7,"minecraft:coal":96,"minecraft:white_wool":7,"minecraft:cobblestone":203},"minecraft:used":{"minecraft:cooked_mutton":4,"minecraft:water_bucket":3,"minecraft:stone_sword":106,"minecraft:stone_pickaxe":95,"minecraft:wooden_pickaxe":40,"minecraft:rotten_flesh":7,"minecraft:torch":81,"minecraft:crafting_table":3,"minecraft:white_bed":1,"minecraft:iron_axe":29,"minecraft:bread":1,"minecraft:iron_pickaxe":192,"minecraft:cobblestone":77,"minecraft:oak_sapling":1,"minecraft:furnace":3,"minecraft:cooked_porkchop":2,"minecraft:bucket":4},"minecraft:dropped":{"minecraft:rotten_flesh":10},"minecraft:broken":{"minecraft:wooden_pickaxe":1},"minecraft:custom":{"minecraft:interact_with_furnace":32,"minecraft:mob_kills":29,"minecraft:interact_with_crafting_table":14,"minecraft:leave_game":1,"minecraft:time_since_death":0,"minecraft:sleep_in_bed":1,"minecraft:time_since_rest":176,"minecraft:sprint_one_cm":76358,"minecraft:damage_taken":1182,"minecraft:walk_one_cm":135234,"minecraft:drop":1,"minecraft:damage_dealt":4869,"minecraft:fly_one_cm":75705,"minecraft:open_chest":5,"minecraft:crouch_one_cm":3898,"minecraft:play_time":52727,"minecraft:deaths":2,"minecraft:sneak_time":1387,"minecraft:walk_under_water_one_cm":700,"minecraft:jump":552,"minecraft:walk_on_water_one_cm":4095,"minecraft:total_world_time":52727,"minecraft:fall_one_cm":12290}},"DataVersion":3465}