{"stats":{"minecraft:mined":{"minecraft:iron_ore":9,"minecraft:crafting_table":1,"minecraft:granite":1,"minecraft:grass":2,"minecraft:oak_log":10,"minecraft:coal_ore":45,"minecraft:cobblestone":5,"minecraft:stone":56,"minecraft:oak_leaves":3},"minecraft:killed_by":{"minecraft:zombie":1},"minecraft:crafted":{"minecraft:oak_planks":40,"minecraft:crafting_table":1,"minecraft:stick":8,"minecraft:wooden_pickaxe":1,"minecraft:stone_pickaxe":1,"minecraft:stone_sword":1,"minecraft:white_bed":1,"minecraft:torch":8},"minecraft:killed":{"minecraft:sheep":3,"minecraft:zombie":9},"minecraft:picked_up":{"minecraft:stick":1,"minecraft:crafting_table":1,"minecraft:raw_iron":18,"minecraft:torch":1,"minecraft:enchanted_book":1,"minecraft:oak_log":10,"minecraft:gunpowder":3,"minecraft:stone_sword":1,"minecraft:rotten_flesh":18,"minecraft:bucket":1,"minecraft:stone_pickaxe":1,"minecraft:granite":2,"minecraft:oak_sapling":1,"minecraft:oak_planks":29,"minecraft:mutton":6,"minecraft:coal":88,"minecraft:white_wool":6,"minecraft:cobblestone":115},"minecraft:used":{"minecraft:stone_sword":37,"minecraft:stone_pickaxe":95,"minecraft:bread":1,"minecraft:wooden_pickaxe":40,"minecraft:torch":9,"minecraft:crafting_table":2,"minecraft:oak_sapling":1,"minecraft:white_bed":1},"minecraft:dropped":{"minecraft:rotten_flesh":10},"minecraft:broken":{"minecraft:wooden_pickaxe":1},"minecraft:custom":{"minecraft:time_since_rest":248,"minecraft:interact_with_furnace":1,"minecraft:sprint_one_cm":18862,"minecraft:damage_taken":490,"minecraft:walk_one_cm":40334,"minecraft:mob_kills":12,"minecraft:drop":1,"minecraft:damage_dealt":1926,"minecraft:interact_with_crafting_table":6,"minecraft:fly_one_cm":39272,"minecraft:open_chest":3,"minecraft:crouch_one_cm":5,"minecraft:play_time":21077,"minecraft:deaths":1,"minecraft:sneak_time":47,"minecraft:jump":191,"minecraft:time_since_death":1314,"minecraft:sleep_in_bed":1,"minecraft:total_world_time":21077,"minecraft:fall_one_cm":4030}},"DataVersion":3465}