{"stats":{"minecraft:picked_up":{"minecraft:nether_wart":5,"minecraft:torch":2,"minecraft:potato":2,"minecraft:polished_blackstone_bricks":1,"minecraft:weeping_vines":3,"minecraft:cracked_polished_blackstone_bricks":1,"minecraft:melon_seeds":1,"minecraft:netherrack":17,"minecraft:crimson_roots":1},"minecraft:used":{"minecraft:diamond_pickaxe":19,"minecraft:iron_sword":3,"minecraft:golden_helmet":1,"minecraft:golden_carrot":1,"minecraft:obsidian":6},"minecraft:dropped":{"minecraft:gold_block":1,"minecraft:iron_block":2,"minecraft:iron_sword":1,"minecraft:potato":2,"minecraft:ancient_debris":2,"minecraft:golden_helmet":1,"minecraft:nether_wart":5,"minecraft:torch":2,"minecraft:melon_seeds":1,"minecraft:crossbow":1,"minecraft:netherite_upgrade_smithing_template":1,"minecraft:golden_sword":2,"minecraft:chain":16,"minecraft:gold_nugget":4,"minecraft:spectral_arrow":34,"minecraft:bone_block":16,"minecraft:diamond_shovel":1,"minecraft:string":4,"minecraft:netherrack":17,"minecraft:gold_ingot":9},"minecraft:custom":{"minecraft:time_since_rest":315,"minecraft:walk_one_cm":181777,"minecraft:damage_taken":367,"minecraft:mob_kills":1,"minecraft:drop":21,"minecraft:damage_dealt":58,"minecraft:fly_one_cm":13259,"minecraft:open_chest":14,"minecraft:crouch_one_cm":5401,"minecraft:play_time":7987,"minecraft:deaths":1,"minecraft:sneak_time":317,"minecraft:jump":15,"minecraft:leave_game":1,"minecraft:time_since_death":290,"minecraft:total_world_time":7987},"minecraft:mined":{"minecraft:polished_blackstone_bricks":1,"minecraft:weeping_vines_plant":9,"minecraft:carrots":4,"minecraft:dandelion":8,"minecraft:cornflower":1,"minecraft:azure_bluet":1,"minecraft:grass":165,"minecraft:poppy":1,"minecraft:potatoes":25,"minecraft:crimson_roots":14,"minecraft:cracked_polished_blackstone_bricks":1,"minecraft:weeping_vines":29,"minecraft:tall_grass":38,"minecraft:slime_block":4,"minecraft:netherrack":17,"minecraft:oxeye_daisy":3,"minecraft:nether_wart":6,"minecraft:wall_torch":5},"minecraft:killed":{"minecraft:ghast":1}},"DataVersion":3465}