{"stats":{"minecraft:mined":{"minecraft:oak_sapling":1,"minecraft:crafting_table":1,"minecraft:torch":1,"minecraft:granite":23,"minecraft:grass_block":77,"minecraft:copper_ore":4,"minecraft:cobblestone":3,"minecraft:diorite":28,"minecraft:birch_log":14,"minecraft:andesite":55,"minecraft:grass":50,"minecraft:oak_log":60,"minecraft:coal_ore":25,"minecraft:gravel":5,"minecraft:dirt":39,"minecraft:stone":234,"minecraft:oak_leaves":22},"minecraft:killed_by":{"minecraft:zombie":1},"minecraft:crafted":{"minecraft:wooden_sword":1,"minecraft:oak_planks":48,"minecraft:stone_shovel":1,"minecraft:cooked_porkchop":2,"minecraft:crafting_table":1,"minecraft:wooden_pickaxe":1,"minecraft:furnace":1,"minecraft:copper_ingot":11,"minecraft:stone_axe":1,"minecraft:cooked_mutton":2,"minecraft:air":0,"minecraft:charcoal":9,"minecraft:stick":16,"minecraft:stone_pickaxe":4,"minecraft:wooden_axe":1,"minecraft:stone_sword":1,"minecraft:chest":1,"minecraft:torch":4,"minecraft:stone_hoe":1},"minecraft:killed":{"minecraft:pig":2,"minecraft:creeper":2,"minecraft:sheep":1,"minecraft:zombie":15},"minecraft:picked_up":{"minecraft:wooden_axe":1,"minecraft:birch_log":28,"minecraft:crafting_table":1,"minecraft:andesite":93,"minecraft:potato":1,"minecraft:oak_log":146,"minecraft:gunpowder":3,"minecraft:dirt":129,"minecraft:raw_copper":11,"minecraft:cooked_mutton":4,"minecraft:apple":2,"minecraft:wheat_seeds":7,"minecraft:stone_pickaxe":3,"minecraft:oak_planks":6,"minecraft:stone_hoe":2,"minecraft:stick":15,"minecraft:torch":1,"minecraft:gravel":12,"minecraft:porkchop":2,"minecraft:diorite":82,"minecraft:arrow":2,"minecraft:rotten_flesh":21,"minecraft:stone_axe":2,"minecraft:granite":38,"minecraft:oak_sapling":21,"minecraft:mutton":2,"minecraft:coal":25,"minecraft:white_wool":3,"minecraft:cobblestone":481},"minecraft:used":{"minecraft:wheat_seeds":7,"minecraft:diorite":1,"minecraft:stone_sword":34,"minecraft:stone_shovel":107,"minecraft:stone_pickaxe":331,"minecraft:chest":1,"minecraft:wooden_pickaxe":59,"minecraft:stone_hoe":59,"minecraft:torch":5,"minecraft:dirt":13,"minecraft:crafting_table":2,"minecraft:granite":6,"minecraft:wooden_axe":59,"minecraft:stone_axe":31,"minecraft:wooden_sword":61,"minecraft:cobblestone":72,"minecraft:oak_sapling":1,"minecraft:furnace":1,"minecraft:cooked_porkchop":2},"minecraft:dropped":{"minecraft:wooden_axe":1},"minecraft:broken":{"minecraft:stone_pickaxe":3,"minecraft:wooden_sword":1,"minecraft:wooden_axe":1,"minecraft:wooden_pickaxe":1},"minecraft:custom":{"minecraft:interact_with_furnace":13,"minecraft:mob_kills":22,"minecraft:interact_with_crafting_table":11,"minecraft:leave_game":3,"minecraft:time_since_death":2935,"minecraft:time_since_rest":2957,"minecraft:sprint_one_cm":59096,"minecraft:damage_taken":885,"minecraft:walk_one_cm":269092,"minecraft:drop":1,"minecraft:damage_dealt":3564,"minecraft:fly_one_cm":92173,"minecraft:open_chest":12,"minecraft:crouch_one_cm":236,"minecraft:play_time":65252,"minecraft:deaths":2,"minecraft:sneak_time":216,"minecraft:walk_under_water_one_cm":14835,"minecraft:jump":438,"minecraft:walk_on_water_one_cm":2294,"minecraft:total_world_time":65252,"minecraft:fall_one_cm":4056}},"DataVersion":3465}