{"stats":{"minecraft:mined":{"minecraft:oak_sapling":1,"minecraft:farmland":1,"minecraft:crafting_table":1,"minecraft:torch":1,"minecraft:granite":23,"minecraft:grass_block":80,"minecraft:copper_ore":10,"minecraft:cobblestone":5,"minecraft:diorite":28,"minecraft:carrots":2,"minecraft:birch_log":14,"minecraft:wheat":7,"minecraft:andesite":56,"minecraft:grass":50,"minecraft:oak_log":60,"minecraft:coal_ore":25,"minecraft:gravel":5,"minecraft:dirt":41,"minecraft:stone":303,"minecraft:oak_leaves":22},"minecraft:killed_by":{"minecraft:zombie":2},"minecraft:crafted":{"minecraft:wooden_sword":1,"minecraft:oak_planks":48,"minecraft:stone_shovel":1,"minecraft:cooked_porkchop":2,"minecraft:crafting_table":1,"minecraft:wooden_pickaxe":1,"minecraft:furnace":1,"minecraft:copper_ingot":11,"minecraft:bone_meal":24,"minecraft:stone_axe":1,"minecraft:cooked_mutton":2,"minecraft:air":0,"minecraft:charcoal":9,"minecraft:stick":16,"minecraft:stone_pickaxe":4,"minecraft:wooden_axe":1,"minecraft:stone_sword":1,"minecraft:chest":1,"minecraft:torch":4,"minecraft:stone_hoe":1},"minecraft:killed":{"minecraft:pig":2,"minecraft:spider":1,"minecraft:creeper":2,"minecraft:sheep":1,"minecraft:skeleton":1,"minecraft:zombie":25},"minecraft:picked_up":{"minecraft:wooden_axe":1,"minecraft:birch_log":35,"minecraft:wheat":7,"minecraft:crafting_table":1,"minecraft:andesite":130,"minecraft:potato":2,"minecraft:oak_log":187,"minecraft:gunpowder":5,"minecraft:string":1,"minecraft:dirt":136,"minecraft:raw_copper":51,"minecraft:name_tag":2,"minecraft:cooked_mutton":6,"minecraft:bone":8,"minecraft:apple":2,"minecraft:wheat_seeds":24,"minecraft:bucket":1,"minecraft:iron_ingot":4,"minecraft:stone_pickaxe":5,"minecraft:oak_planks":10,"minecraft:stone_hoe":3,"minecraft:stick":18,"minecraft:torch":1,"minecraft:gravel":16,"minecraft:porkchop":2,"minecraft:diorite":109,"minecraft:carrot":6,"minecraft:stone_sword":1,"minecraft:arrow":2,"minecraft:rotten_flesh":60,"minecraft:stone_axe":3,"minecraft:granite":50,"minecraft:oak_sapling":22,"minecraft:mutton":2,"minecraft:coal":28,"minecraft:white_wool":4,"minecraft:cobblestone":696},"minecraft:used":{"minecraft:wheat_seeds":7,"minecraft:water_bucket":3,"minecraft:diorite":1,"minecraft:stone_sword":90,"minecraft:stone_shovel":107,"minecraft:stone_pickaxe":413,"minecraft:chest":1,"minecraft:wooden_pickaxe":59,"minecraft:stone_hoe":84,"minecraft:torch":5,"minecraft:dirt":14,"minecraft:crafting_table":2,"minecraft:carrot":5,"minecraft:granite":6,"minecraft:wooden_axe":59,"minecraft:melon_seeds":8,"minecraft:stone_axe":31,"minecraft:wooden_sword":61,"minecraft:cobblestone":73,"minecraft:oak_sapling":1,"minecraft:furnace":1,"minecraft:cooked_porkchop":2,"minecraft:bucket":3,"minecraft:bone_meal":24},"minecraft:dropped":{"minecraft:wooden_axe":1},"minecraft:broken":{"minecraft:stone_pickaxe":3,"minecraft:wooden_sword":1,"minecraft:wooden_axe":1,"minecraft:wooden_pickaxe":1},"minecraft:custom":{"minecraft:interact_with_furnace":17,"minecraft:mob_kills":34,"minecraft:interact_with_crafting_table":11,"minecraft:leave_game":3,"minecraft:time_since_death":10115,"minecraft:sleep_in_bed":1,"minecraft:time_since_rest":8746,"minecraft:sprint_one_cm":84391,"minecraft:damage_taken":1140,"minecraft:walk_one_cm":324855,"minecraft:drop":1,"minecraft:damage_dealt":5511,"minecraft:fly_one_cm":120275,"minecraft:open_chest":18,"minecraft:crouch_one_cm":236,"minecraft:play_time":77252,"minecraft:deaths":3,"minecraft:sneak_time":216,"minecraft:walk_under_water_one_cm":14835,"minecraft:jump":591,"minecraft:walk_on_water_one_cm":2594,"minecraft:total_world_time":77252,"minecraft:fall_one_cm":6686}},"DataVersion":3465}