{"stats":{"minecraft:killed":{"minecraft:zombie":1,"mca:male_zombie_villager":1},"minecraft:picked_up":{"minecraft:birch_log":13,"minecraft:stick":27,"minecraft:crafting_table":1,"regions_unexplored:oak_shrub":2,"minecraft:oak_log":20,"minecraft:carrot":9,"minecraft:dirt":29,"minecraft:mossy_cobblestone":8,"minecraft:moss_carpet":1,"regions_unexplored:purple_coneflower":1,"minecraft:rotten_flesh":3,"regions_unexplored:maple_sapling":4,"minecraft:wheat_seeds":2,"delightful:acorn":1,"regions_unexplored:maple_shrub":1,"regions_unexplored:maple_log":19,"supplementaries:ash":2,"minecraft:oak_sapling":1,"delightful:green_tea_leaf":1,"minecraft:birch_sapling":2,"minecraft:cobblestone":3},"minecraft:crafted":{"minecraft:oak_door":3,"minecraft:oak_planks":40,"minecraft:stone_shovel":1,"minecraft:crafting_table":2,"regions_unexplored:maple_planks":40,"minecraft:wooden_pickaxe":1,"minecraft:wooden_axe":1,"minecraft:stone_pickaxe":1,"minecraft:stone_sword":2,"minecraft:birch_planks":28},"minecraft:mined":{"farmersdelight:wild_carrots":9,"regions_unexplored:mossy_stone":8,"minecraft:crafting_table":1,"treechop:chopped_log":6,"regions_unexplored:sandy_grass":4,"minecraft:grass":3,"minecraft:grass_block":25,"regions_unexplored:oak_shrub":2,"minecraft:oak_log":1,"minecraft:dirt":8,"regions_unexplored:medium_grass":8,"regions_unexplored:purple_coneflower":1,"minecraft:stone":3,"regions_unexplored:maple_shrub":1},"minecraft:custom":{"minecraft:time_since_rest":6146,"minecraft:sprint_one_cm":44690,"minecraft:damage_taken":2970,"minecraft:walk_one_cm":105051,"minecraft:mob_kills":2,"minecraft:damage_dealt":3166,"minecraft:interact_with_crafting_table":7,"minecraft:fly_one_cm":64405,"minecraft:play_time":36344,"tombstone:undead_killed":2,"minecraft:deaths":11,"minecraft:jump":308,"minecraft:walk_on_water_one_cm":931,"minecraft:time_since_death":8545,"minecraft:total_world_time":36344,"minecraft:fall_one_cm":13893},"minecraft:used":{"regions_unexplored:oak_shrub":1,"minecraft:wooden_axe":47,"minecraft:stone_sword":84,"minecraft:birch_planks":22,"minecraft:stone_shovel":24,"minecraft:wooden_pickaxe":23,"minecraft:oak_door":1,"regions_unexplored:maple_planks":32,"minecraft:crafting_table":3,"minecraft:carrot":5,"tombstone:gift":2}},"DataVersion":3465}