{"stats":{"minecraft:dropped":{"minecraft:iron_sword":2,"minecraft:piston":1,"minecraft:flint":5,"minecraft:dirt":202,"regions_unexplored:purple_coneflower":3,"minecraft:amethyst_shard":6,"regions_unexplored:maple_log":1,"minecraft:white_wool":1,"minecraft:gravel":112,"minecraft:note_block":2,"minecraft:sugar_cane":1,"minecraft:ancient_debris":2,"minecraft:detector_rail":2,"minecraft:cobbled_deepslate":2,"minecraft:wheat":7,"minecraft:rotten_flesh":7,"regions_unexplored:maple_sapling":7,"minecraft:diamond_shovel":1,"iceandfire:silver_shovel":1,"minecraft:cooked_mutton":1,"minecraft:white_bed":1,"minecraft:salmon":14,"supplementaries:ash":4,"minecraft:wheat_seeds":2,"regions_unexplored:maple_shrub":2,"minecraft:oak_fence":12,"minecraft:cobblestone":954,"minecraft:andesite_wall":2,"minecraft:observer":2,"minecraft:amethyst_block":5,"minecraft:granite":173,"minecraft:grass_block":1,"minecraft:coal":1,"regions_unexplored:red_maple_sapling":4,"quark:clear_shard":11,"minecraft:ink_sac":1,"minecraft:wooden_hoe":1,"minecraft:torch":2,"minecraft:wooden_axe":1,"tombstone:grave_dust":2,"delightful:acorn":1,"sophisticatedbackpacks:jukebox_upgrade":1,"minecraft:string":13,"minecraft:acacia_planks":2,"minecraft:moss_carpet":4,"minecraft:sticky_piston":1,"minecraft:slime_block":1,"regions_unexplored:hyssop":2,"minecraft:spruce_fence":1,"minecraft:shroomlight":1,"minecraft:stone":68,"minecraft:dead_tube_coral_fan":1,"minecraft:andesite":131,"minecraft:oak_sapling":8,"minecraft:barrel":2},"minecraft:killed":{"alexsmobs:lobster":4,"minecraft:witch":2,"minecraft:spider":16,"kobolds:kobold_rascal":1,"minecraft:skeleton":19,"minecraft:chicken":1,"minecraft:pig":2,"alexsmobs:grizzly_bear":1,"alexsmobs:seal":6,"minecraft:creeper":4,"minecraft:sheep":4,"minecraft:zombie":75,"minecraft:cow":1,"mca:male_zombie_villager":2,"alexsmobs:raccoon":2,"alexsmobs:seagull":1,"minecraft:slime":8,"cataclysm:lionfish":1,"goblintraders:goblin_trader":2,"autumnity:turkey":2,"cataclysm:deepling_angler":1,"minecraft:enderman":5},"minecraft:mined":{"minecraft:white_bed":1,"regions_unexplored:maple_planks":1,"minecraft:granite":883,"minecraft:budding_amethyst":3,"minecraft:grass_block":522,"regions_unexplored:purple_coneflower":9,"regions_unexplored:stone_bud":13,"minecraft:cobbled_deepslate":1,"minecraft:iron_ore":63,"minecraft:fire":5,"regions_unexplored:mossy_stone":18,"minecraft:pumpkin":4,"minecraft:moss_carpet":1,"diagonalfences:minecraft/spruce_fence":1,"minecraft:oak_stairs":1,"sophisticatedbackpacks:copper_backpack":1,"minecraft:deepslate_redstone_ore":7,"minecraft:amethyst_cluster":5,"minecraft:torch":3,"diagonalfences:minecraft/oak_fence":1,"minecraft:calcite":25,"galosphere:silver_ore":16,"minecraft:glass":4,"minecraft:cobblestone":171,"minecraft:sugar_cane":87,"minecraft:oak_planks":1,"minecraft:amethyst_block":8,"minecraft:wheat":125,"minecraft:tnt":1,"minecraft:grass":70,"regions_unexplored:oak_shrub":2,"minecraft:oak_log":7,"minecraft:beetroots":7,"minecraft:sand":540,"minecraft:dirt":955,"minecraft:smooth_basalt":28,"minecraft:piston":1,"minecraft:deepslate":131,"minecraft:diamond_ore":5,"minecraft:tuff":1,"iceandfire:silver_ore":31,"farmersdelight:wild_carrots":16,"minecraft:ladder":2,"minecraft:redstone_ore":7,"minecraft:carrots":53,"minecraft:andesite":644,"treechop:chopped_log":15,"minecraft:cobblestone_slab":5,"minecraft:deepslate_iron_ore":4,"minecraft:wet_sponge":2,"regions_unexplored:medium_grass":87,"minecraft:stone":5000,"minecraft:crafting_table":3,"minecraft:sponge":5,"minecraft:copper_ore":50,"minecraft:tall_grass":5,"minecraft:lapis_ore":9,"regions_unexplored:daisy":1,"minecraft:diorite":440,"supplementaries:urn":1,"minecraft:sweet_berry_bush":1,"minecraft:mangrove_planks":1,"regions_unexplored:sandy_grass":10,"minecraft:coal_ore":171,"minecraft:gravel":94,"minecraft:cobweb":7,"minecraft:acacia_planks":1,"regions_unexplored:maple_shrub":1,"minecraft:gold_ore":10},"minecraft:used":{"stalwart_dungeons:iron_hammer":1,"minecraft:dead_tube_coral_fan":1,"sophisticatedbackpacks:copper_backpack":1,"minecraft:ladder":156,"minecraft:chest":35,"minecraft:shield":88,"minecraft:stone":269,"minecraft:iron_sword":449,"minecraft:carrot":214,"minecraft:tuff":12,"minecraft:beehive":2,"minecraft:obsidian":13,"minecraft:glass":351,"alexsmobs:lobster_tail":1,"minecraft:grass_block":1,"minecraft:iron_helmet":1,"iceandfire:copper_pickaxe":22,"minecraft:slime_spawn_egg":4,"supplementaries:ash":1,"minecraft:furnace":5,"minecraft:cooked_cod":1,"minecraft:beetroot_seeds":7,"minecraft:egg":2,"minecraft:potato":21,"minecraft:diorite":325,"minecraft:cow_spawn_egg":2,"minecraft:stone_pickaxe":1052,"minecraft:wooden_pickaxe":70,"minecraft:redstone_block":19,"minecraft:sugar_cane":31,"minecraft:sponge":7,"iceandfire:silver_axe":113,"minecraft:note_block":1,"minecraft:shears":16,"iceandfire:silver_pickaxe":5074,"minecraft:sticky_piston":1,"waystones:waystone":1,"minecraft:bread":15,"minecraft:gravel":24,"minecraft:andesite":94,"minecraft:oak_boat":10,"minecraft:bone_meal":14,"minecraft:experience_bottle":1,"minecraft:oak_fence":61,"minecraft:enchanting_table":1,"minecraft:iron_bars":13,"quark:birch_chest":1,"minecraft:stone_sword":284,"minecraft:flint_and_steel":215,"minecraft:carved_pumpkin":2,"minecraft:stone_shovel":1459,"minecraft:cooked_salmon":1,"minecraft:oak_door":2,"regions_unexplored:maple_planks":35,"minecraft:bee_spawn_egg":23,"minecraft:torch":341,"minecraft:dirt":471,"minecraft:ancient_debris":3,"minecraft:hopper":32,"minecraft:bee_nest":8,"minecraft:granite":44,"minecraft:spruce_fence":18,"minecraft:oak_fence_gate":1,"delightful:roasted_acorn":1,"minecraft:shroomlight":4,"regions_unexplored:oak_shrub":1,"minecraft:andesite_wall":1,"minecraft:wooden_axe":52,"minecraft:iron_block":68,"minecraft:slime_block":11,"minecraft:spawner":4,"minecraft:smooth_basalt":6,"minecraft:minecart":1,"tombstone:gift":10,"minecraft:cobbled_deepslate":15,"minecraft:observer":4,"minecraft:calcite":24,"goldenfoods:golden_cooked_beef":1,"minecraft:wheat_seeds":251,"minecraft:cooked_mutton":7,"minecraft:water_bucket":40,"minecraft:amethyst_block":9,"minecraft:birch_planks":25,"minecraft:lead":3,"minecraft:glass_bottle":2,"minecraft:baked_potato":6,"minecraft:andesite_slab":2,"minecraft:cobblestone_slab":825,"minecraft:tnt":283,"minecraft:crafting_table":7,"minecraft:campfire":33,"minecraft:white_bed":1,"minecraft:piston":9,"minecraft:wooden_hoe":57,"minecraft:diamond_shovel":118,"minecraft:iron_pickaxe":1593,"minecraft:detector_rail":2,"minecraft:stone_slab":6,"iceandfire:silver_hoe":207,"minecraft:fishing_rod":6,"minecraft:cobblestone":1391,"minecraft:potion":1,"minecraft:bucket":20,"quark:oak_chest":6,"iceandfire:silver_shovel":462},"minecraft:picked_up":{"minecraft:wooden_axe":1,"minecraft:iron_chestplate":1,"minecraft:wheat":176,"minecraft:redstone_block":7,"minecraft:lead":19,"minecraft:oak_stairs":1,"regions_unexplored:maple_planks":1,"minecraft:amethyst_block":24,"minecraft:string":31,"minecraft:raw_copper":276,"minecraft:pufferfish":1,"minecraft:beetroot":4,"minecraft:activator_rail":2,"minecraft:cobbled_deepslate":352,"minecraft:bucket":1,"delightful:acorn":5,"regions_unexplored:maple_shrub":3,"minecraft:cobblestone_slab":12,"minecraft:calcite":33,"minecraft:iron_pickaxe":1,"delightful:green_tea_leaf":5,"minecraft:furnace":1,"minecraft:stick":71,"minecraft:oak_fence":1,"minecraft:torch":20,"minecraft:porkchop":2,"tombstone:grave_dust":15,"minecraft:diorite":562,"minecraft:andesite_wall":1,"quark:clear_shard":75,"minecraft:rotten_flesh":82,"supplementaries:ash":9,"autumnity:turkey":2,"minecraft:cod":1,"alexsmobs:lobster_tail":1,"minecraft:cobblestone":6827,"minecraft:sponge":5,"minecraft:birch_log":14,"minecraft:feather":4,"minecraft:andesite":1018,"minecraft:flint":27,"minecraft:tuff":21,"minecraft:lapis_lazuli":93,"minecraft:dirt":2767,"minecraft:bone":32,"minecraft:acacia_planks":2,"minecraft:wheat_seeds":349,"minecraft:raw_gold":10,"minecraft:diamond_helmet":1,"minecraft:powered_rail":16,"galosphere:raw_silver":23,"minecraft:honeycomb":24,"minecraft:oak_planks":1,"minecraft:sand":521,"minecraft:ink_sac":5,"sophisticatedbackpacks:jukebox_upgrade":1,"minecraft:grass_block":1,"minecraft:barrel":2,"minecraft:mossy_cobblestone":18,"minecraft:bundle":3,"cataclysm:lionfish":1,"regions_unexplored:hyssop":2,"minecraft:diamond":5,"waystones:waystone":1,"minecraft:granite":1599,"minecraft:bread":5,"minecraft:oak_sapling":14,"iceandfire:raw_silver":35,"minecraft:andesite_slab":1,"minecraft:fishing_rod":1,"minecraft:charcoal":2,"minecraft:crafting_table":4,"minecraft:chicken":1,"minecraft:ladder":19,"minecraft:shield":1,"minecraft:moss_carpet":4,"minecraft:flint_and_steel":6,"minecraft:detector_rail":1,"minecraft:beef":2,"minecraft:oak_boat":10,"minecraft:observer":1,"minecraft:sugar_cane":135,"minecraft:birch_sapling":4,"minecraft:piston":1,"minecraft:egg":17,"minecraft:raw_iron":96,"minecraft:stone":195,"minecraft:spruce_fence":1,"minecraft:note_block":1,"minecraft:carrot":257,"minecraft:redstone":68,"regions_unexplored:purple_coneflower":45,"minecraft:tnt":1,"minecraft:arrow":25,"regions_unexplored:maple_sapling":12,"minecraft:beetroot_seeds":15,"tombstone:essence_of_undeath":1,"sophisticatedbackpacks:copper_backpack":3,"minecraft:mutton":7,"minecraft:rail":4,"minecraft:white_wool":4,"minecraft:wet_sponge":2,"minecraft:salmon":15,"minecraft:leather":1,"iceandfire:silver_shovel":1,"minecraft:oak_log":70,"regions_unexplored:red_maple_sapling":4,"minecraft:ancient_debris":1,"minecraft:gunpowder":3,"minecraft:wooden_hoe":1,"minecraft:cooked_mutton":1,"minecraft:apple":1,"minecraft:kelp":18,"minecraft:iron_ingot":1,"minecraft:cobweb":12,"minecraft:glass_bottle":1,"minecraft:mangrove_planks":1,"minecraft:iron_sword":3,"minecraft:smooth_basalt":39,"minecraft:pumpkin":3,"minecraft:sweet_berries":3,"regions_unexplored:oak_shrub":2,"minecraft:gravel":182,"minecraft:amethyst_shard":10,"aquaculture:red_grouper":1,"minecraft:white_bed":3,"minecraft:spruce_log":9,"minecraft:spider_eye":9,"minecraft:diamond_shovel":1,"minecraft:slime_ball":331,"regions_unexplored:fireweed":4,"minecraft:iron_helmet":1,"regions_unexplored:maple_log":44,"minecraft:gray_wool":2,"tombstone:magic_scroll":3,"minecraft:coal":237,"minecraft:ender_pearl":1},"minecraft:broken":{"minecraft:iron_chestplate":1,"minecraft:iron_leggings":1,"iceandfire:silver_pickaxe":11,"minecraft:stone_pickaxe":8,"iceandfire:armor_silver_metal_boots":1,"iceandfire:silver_shovel":1,"minecraft:stone_shovel":11,"minecraft:stone_sword":2,"minecraft:flint_and_steel":3,"aether:iron_gloves":1,"minecraft:wooden_pickaxe":1,"iceandfire:armor_silver_metal_helmet":1,"minecraft:iron_pickaxe":6},"minecraft:custom":{"minecraft:animals_bred":8,"minecraft:interact_with_crafting_table":131,"minecraft:open_barrel":14,"goblintraders:trade_with_goblin":93,"minecraft:leave_game":20,"minecraft:time_since_death":129913,"minecraft:sprint_one_cm":714896,"minecraft:damage_blocked_by_shield":2185,"minecraft:drop":181,"minecraft:play_time":1121273,"minecraft:deaths":30,"minecraft:jump":5797,"minecraft:walk_on_water_one_cm":171928,"minecraft:enchant_item":2,"minecraft:interact_with_furnace":191,"minecraft:sleep_in_bed":16,"minecraft:waystone_activated":2,"minecraft:damage_dealt":33508,"minecraft:crouch_one_cm":78245,"tombstone:undead_killed":96,"minecraft:mob_kills":163,"minecraft:inspect_hopper":4,"minecraft:climb_one_cm":83325,"minecraft:walk_one_cm":3302151,"minecraft:damage_dealt_absorbed":220,"minecraft:sneak_time":22429,"minecraft:walk_under_water_one_cm":119236,"minecraft:boat_one_cm":69596,"minecraft:total_world_time":1121273,"tombstone:raider_killed":2,"minecraft:tune_noteblock":16,"minecraft:time_since_rest":127514,"minecraft:trigger_trapped_chest":1,"minecraft:damage_taken":12315,"minecraft:swim_one_cm":9120,"minecraft:fly_one_cm":1118914,"minecraft:open_chest":599,"minecraft:fish_caught":4,"minecraft:fall_one_cm":109370},"minecraft:crafted":{"minecraft:oak_planks":280,"minecraft:cobblestone_slab":384,"quark:birch_chest":1,"regions_unexplored:maple_planks":172,"minecraft:cooked_chicken":1,"iceandfire:silver_shovel":1,"minecraft:stone":409,"minecraft:cracked_stone_bricks":4,"delightful:roasted_acorn":1,"minecraft:cooked_mutton":7,"minecraft:glass":394,"minecraft:iron_boots":1,"explorerscompass:explorerscompass":1,"galosphere:silver_ingot":23,"iceandfire:copper_pickaxe":1,"minecraft:stone_bricks":20,"minecraft:oak_fence":81,"iceandfire:silver_axe":1,"minecraft:dropper":1,"minecraft:emerald":63,"minecraft:crafting_table":4,"minecraft:spruce_planks":36,"minecraft:iron_helmet":1,"minecraft:baked_potato":52,"minecraft:wooden_pickaxe":1,"minecraft:copper_ingot":124,"minecraft:birch_planks":56,"minecraft:iron_chestplate":1,"minecraft:wooden_hoe":1,"minecraft:paper":93,"minecraft:shield":1,"quark:oak_chest":6,"minecraft:stick":320,"minecraft:stone_slab":6,"minecraft:compass":2,"minecraft:iron_ingot":85,"minecraft:iron_pickaxe":7,"minecraft:stone_sword":2,"minecraft:gold_ingot":5,"minecraft:shears":2,"minecraft:oak_door":3,"minecraft:stone_shovel":11,"minecraft:fishing_rod":1,"minecraft:beehive":2,"minecraft:furnace":4,"minecraft:bone_meal":15,"minecraft:spruce_fence":18,"minecraft:ladder":44,"minecraft:stone_pickaxe":8,"iceandfire:armor_silver_metal_boots":1,"minecraft:cooked_cod":1,"iceandfire:silver_ingot":35,"minecraft:iron_sword":3,"minecraft:cooked_salmon":1,"minecraft:bucket":1,"minecraft:bread":18,"minecraft:air":0,"aether:iron_gloves":1,"minecraft:oak_fence_gate":1,"minecraft:oak_boat":4,"iceandfire:armor_silver_metal_helmet":1,"minecraft:white_wool":1,"minecraft:white_dye":1,"minecraft:wooden_axe":1,"minecraft:iron_leggings":2,"minecraft:white_bed":1,"minecraft:torch":72,"iceandfire:silver_pickaxe":12,"iceandfire:silver_hoe":1},"minecraft:killed_by":{"minecraft:zombie":1,"minecraft:slime":1}},"DataVersion":3465}