{"stats":{"minecraft:killed":{"alexsmobs:lobster":4,"mca:male_zombie_villager":1,"minecraft:witch":2,"alexsmobs:raccoon":1,"minecraft:spider":9,"kobolds:kobold_rascal":1,"alexsmobs:seagull":1,"minecraft:slime":8,"minecraft:skeleton":12,"minecraft:chicken":1,"goblintraders:goblin_trader":2,"autumnity:turkey":2,"alexsmobs:grizzly_bear":1,"alexsmobs:seal":6,"minecraft:creeper":3,"minecraft:sheep":3,"minecraft:zombie":55,"minecraft:enderman":4},"minecraft:killed_by":{"minecraft:slime":1,"minecraft:zombie":1},"minecraft:mined":{"minecraft:diamond_ore":3,"minecraft:tuff":1,"iceandfire:silver_ore":29,"regions_unexplored:maple_planks":1,"farmersdelight:wild_carrots":15,"minecraft:ladder":2,"minecraft:granite":808,"minecraft:grass_block":505,"regions_unexplored:purple_coneflower":7,"regions_unexplored:stone_bud":13,"minecraft:carrots":53,"minecraft:iron_ore":42,"minecraft:fire":1,"minecraft:cobbled_deepslate":1,"regions_unexplored:mossy_stone":18,"minecraft:andesite":593,"minecraft:pumpkin":4,"minecraft:moss_carpet":1,"treechop:chopped_log":9,"minecraft:deepslate_iron_ore":4,"minecraft:cobblestone_slab":5,"minecraft:oak_stairs":1,"regions_unexplored:medium_grass":66,"minecraft:stone":3890,"sophisticatedbackpacks:copper_backpack":1,"minecraft:deepslate_redstone_ore":7,"minecraft:amethyst_cluster":1,"minecraft:crafting_table":2,"minecraft:calcite":18,"galosphere:silver_ore":16,"minecraft:cobblestone":72,"minecraft:glass":4,"minecraft:tall_grass":5,"minecraft:copper_ore":46,"minecraft:lapis_ore":4,"minecraft:sugar_cane":63,"minecraft:oak_planks":1,"minecraft:diorite":435,"minecraft:amethyst_block":3,"minecraft:wheat":125,"minecraft:sweet_berry_bush":1,"minecraft:tnt":1,"regions_unexplored:sandy_grass":10,"minecraft:grass":56,"minecraft:oak_log":1,"regions_unexplored:oak_shrub":2,"minecraft:coal_ore":154,"minecraft:beetroots":7,"minecraft:gravel":58,"minecraft:sand":540,"minecraft:dirt":928,"minecraft:smooth_basalt":20,"regions_unexplored:maple_shrub":1,"minecraft:gold_ore":4,"minecraft:deepslate":130},"minecraft:crafted":{"minecraft:oak_door":3,"minecraft:oak_planks":148,"minecraft:stone_shovel":11,"minecraft:cobblestone_slab":384,"quark:birch_chest":1,"minecraft:fishing_rod":1,"minecraft:beehive":2,"regions_unexplored:maple_planks":80,"iceandfire:silver_shovel":1,"minecraft:furnace":4,"minecraft:stone":409,"minecraft:spruce_fence":12,"minecraft:bone_meal":15,"minecraft:cooked_mutton":6,"minecraft:glass":394,"minecraft:ladder":44,"minecraft:stone_pickaxe":8,"galosphere:silver_ingot":21,"iceandfire:armor_silver_metal_boots":1,"minecraft:oak_fence":12,"iceandfire:silver_axe":1,"minecraft:cooked_cod":1,"minecraft:dropper":1,"minecraft:emerald":63,"iceandfire:silver_ingot":33,"minecraft:crafting_table":3,"minecraft:spruce_planks":36,"minecraft:wooden_pickaxe":1,"minecraft:iron_sword":2,"minecraft:cooked_salmon":1,"minecraft:copper_ingot":124,"minecraft:bucket":1,"minecraft:birch_planks":56,"minecraft:bread":18,"minecraft:air":0,"aether:iron_gloves":1,"minecraft:oak_boat":2,"iceandfire:armor_silver_metal_helmet":1,"minecraft:iron_chestplate":1,"minecraft:white_wool":1,"minecraft:wooden_hoe":1,"minecraft:paper":27,"minecraft:shield":1,"minecraft:white_dye":1,"quark:oak_chest":6,"minecraft:stick":140,"minecraft:stone_slab":6,"minecraft:iron_ingot":58,"minecraft:iron_pickaxe":3,"minecraft:wooden_axe":1,"minecraft:stone_sword":2,"minecraft:iron_leggings":1,"minecraft:gold_ingot":4,"minecraft:white_bed":1,"minecraft:torch":72,"iceandfire:silver_pickaxe":11,"minecraft:shears":1,"iceandfire:silver_hoe":1},"minecraft:dropped":{"minecraft:iron_sword":2,"minecraft:cobblestone":407,"minecraft:amethyst_block":5,"minecraft:granite":58,"minecraft:grass_block":1,"minecraft:dirt":1,"quark:clear_shard":2,"minecraft:wooden_hoe":1,"minecraft:torch":2,"minecraft:wooden_axe":1,"tombstone:grave_dust":2,"sophisticatedbackpacks:jukebox_upgrade":1,"minecraft:string":4,"minecraft:gravel":70,"minecraft:moss_carpet":4,"minecraft:sugar_cane":1,"minecraft:wheat":7,"minecraft:rotten_flesh":2,"minecraft:diamond_shovel":1,"iceandfire:silver_shovel":1,"supplementaries:ash":4,"minecraft:andesite":127},"minecraft:custom":{"minecraft:mob_kills":117,"minecraft:animals_bred":1,"minecraft:inspect_hopper":4,"minecraft:interact_with_crafting_table":90,"goblintraders:trade_with_goblin":93,"minecraft:leave_game":7,"minecraft:time_since_death":26534,"minecraft:climb_one_cm":73068,"minecraft:sprint_one_cm":473621,"minecraft:walk_one_cm":2432731,"minecraft:damage_blocked_by_shield":1165,"minecraft:drop":98,"minecraft:damage_dealt_absorbed":220,"minecraft:play_time":825803,"minecraft:deaths":25,"minecraft:sneak_time":18303,"minecraft:walk_under_water_one_cm":57136,"minecraft:jump":4084,"minecraft:walk_on_water_one_cm":108587,"minecraft:total_world_time":825803,"minecraft:interact_with_furnace":165,"tombstone:raider_killed":2,"minecraft:sleep_in_bed":13,"minecraft:time_since_rest":373,"minecraft:damage_taken":9828,"minecraft:damage_dealt":23910,"minecraft:swim_one_cm":5097,"minecraft:fly_one_cm":580392,"minecraft:open_chest":378,"minecraft:crouch_one_cm":65697,"tombstone:undead_killed":68,"minecraft:fish_caught":4,"minecraft:fall_one_cm":84053},"minecraft:used":{"minecraft:oak_fence":3,"minecraft:iron_bars":13,"quark:birch_chest":1,"minecraft:stone_sword":284,"minecraft:flint_and_steel":174,"minecraft:carved_pumpkin":2,"minecraft:stone_shovel":1459,"minecraft:ladder":156,"sophisticatedbackpacks:copper_backpack":1,"minecraft:chest":30,"minecraft:shield":61,"minecraft:stone":181,"minecraft:iron_sword":263,"minecraft:cooked_salmon":1,"minecraft:bee_spawn_egg":23,"minecraft:oak_door":2,"regions_unexplored:maple_planks":35,"minecraft:torch":270,"minecraft:dirt":442,"minecraft:hopper":32,"minecraft:carrot":210,"minecraft:bee_nest":8,"minecraft:spruce_fence":2,"minecraft:tuff":12,"minecraft:granite":44,"minecraft:beehive":2,"regions_unexplored:oak_shrub":1,"minecraft:glass":351,"minecraft:wooden_axe":52,"alexsmobs:lobster_tail":1,"minecraft:iron_block":68,"minecraft:grass_block":1,"minecraft:spawner":4,"minecraft:slime_spawn_egg":4,"minecraft:furnace":4,"minecraft:cooked_cod":1,"minecraft:beetroot_seeds":7,"tombstone:gift":10,"minecraft:potato":19,"minecraft:cobbled_deepslate":15,"minecraft:calcite":24,"minecraft:cooked_mutton":4,"minecraft:wheat_seeds":129,"minecraft:water_bucket":32,"minecraft:diorite":325,"minecraft:amethyst_block":9,"minecraft:birch_planks":25,"minecraft:lead":1,"minecraft:glass_bottle":2,"minecraft:stone_pickaxe":1052,"minecraft:wooden_pickaxe":70,"minecraft:sugar_cane":26,"minecraft:cobblestone_slab":825,"minecraft:tnt":231,"minecraft:crafting_table":5,"minecraft:campfire":33,"minecraft:white_bed":1,"iceandfire:silver_axe":39,"minecraft:shears":10,"iceandfire:silver_pickaxe":4976,"minecraft:wooden_hoe":57,"minecraft:diamond_shovel":49,"minecraft:bread":3,"minecraft:iron_pickaxe":270,"minecraft:stone_slab":6,"minecraft:fishing_rod":6,"iceandfire:silver_hoe":94,"minecraft:potion":1,"minecraft:cobblestone":1102,"minecraft:andesite":94,"minecraft:bucket":11,"quark:oak_chest":6,"minecraft:oak_boat":5,"iceandfire:silver_shovel":462,"minecraft:bone_meal":14,"minecraft:experience_bottle":1},"minecraft:broken":{"minecraft:stone_sword":2,"minecraft:flint_and_steel":2,"iceandfire:silver_pickaxe":10,"minecraft:wooden_pickaxe":1,"minecraft:stone_pickaxe":8,"minecraft:iron_pickaxe":1,"iceandfire:silver_shovel":1,"minecraft:stone_shovel":11},"minecraft:picked_up":{"minecraft:wooden_axe":1,"minecraft:crafting_table":2,"minecraft:wheat":112,"minecraft:chicken":1,"minecraft:ladder":19,"minecraft:lead":8,"minecraft:oak_stairs":1,"regions_unexplored:maple_planks":1,"minecraft:amethyst_block":19,"minecraft:string":14,"minecraft:raw_copper":232,"minecraft:moss_carpet":4,"minecraft:pufferfish":1,"minecraft:beetroot":4,"minecraft:cobbled_deepslate":349,"delightful:acorn":2,"regions_unexplored:maple_shrub":2,"minecraft:beef":2,"minecraft:calcite":26,"minecraft:oak_boat":4,"minecraft:cobblestone_slab":12,"delightful:green_tea_leaf":4,"minecraft:sugar_cane":111,"minecraft:birch_sapling":4,"minecraft:egg":6,"minecraft:raw_iron":49,"minecraft:stick":44,"minecraft:torch":14,"tombstone:grave_dust":10,"minecraft:diorite":493,"minecraft:carrot":214,"minecraft:redstone":38,"regions_unexplored:purple_coneflower":38,"minecraft:tnt":1,"quark:clear_shard":70,"minecraft:arrow":13,"minecraft:rotten_flesh":55,"regions_unexplored:maple_sapling":5,"minecraft:beetroot_seeds":15,"sophisticatedbackpacks:copper_backpack":2,"autumnity:turkey":2,"supplementaries:ash":9,"minecraft:mutton":6,"minecraft:cod":1,"alexsmobs:lobster_tail":1,"minecraft:white_wool":2,"minecraft:cobblestone":4729,"minecraft:birch_log":14,"minecraft:feather":4,"minecraft:salmon":1,"minecraft:andesite":790,"minecraft:leather":1,"iceandfire:silver_shovel":1,"minecraft:flint":17,"minecraft:tuff":21,"minecraft:oak_log":37,"minecraft:gunpowder":3,"minecraft:wooden_hoe":1,"minecraft:lapis_lazuli":59,"minecraft:dirt":1558,"minecraft:bone":17,"minecraft:apple":1,"minecraft:kelp":18,"minecraft:wheat_seeds":344,"minecraft:raw_gold":4,"minecraft:iron_ingot":1,"minecraft:glass_bottle":1,"galosphere:raw_silver":22,"minecraft:oak_planks":1,"minecraft:honeycomb":24,"minecraft:iron_sword":2,"minecraft:smooth_basalt":31,"minecraft:pumpkin":3,"minecraft:sweet_berries":3,"minecraft:amethyst_shard":4,"regions_unexplored:oak_shrub":2,"minecraft:gravel":102,"minecraft:sand":521,"aquaculture:red_grouper":1,"minecraft:ink_sac":5,"minecraft:spruce_log":9,"sophisticatedbackpacks:jukebox_upgrade":1,"minecraft:grass_block":1,"minecraft:spider_eye":7,"minecraft:mossy_cobblestone":18,"minecraft:bundle":2,"minecraft:diamond_shovel":1,"minecraft:slime_ball":331,"minecraft:diamond":3,"minecraft:granite":1119,"regions_unexplored:maple_log":20,"minecraft:gray_wool":2,"tombstone:magic_scroll":1,"minecraft:oak_sapling":1,"minecraft:coal":190,"iceandfire:raw_silver":33,"minecraft:ender_pearl":1}},"DataVersion":3465}