{"stats":{"minecraft:mined":{"minecraft:andesite":1,"minecraft:crafting_table":1,"minecraft:grass":1,"minecraft:grass_block":1,"minecraft:oak_log":41,"minecraft:copper_ore":1,"minecraft:stone":67,"minecraft:oak_leaves":16},"minecraft:crafted":{"minecraft:wooden_sword":1,"minecraft:oak_planks":40,"minecraft:crafting_table":1,"minecraft:stick":8,"minecraft:wooden_pickaxe":1,"minecraft:stone_pickaxe":1,"minecraft:wooden_axe":1,"minecraft:chest":1,"minecraft:stone_axe":1},"minecraft:killed":{"minecraft:pig":2},"minecraft:picked_up":{"minecraft:stick":6,"minecraft:crafting_table":1,"minecraft:porkchop":2,"minecraft:oak_log":43,"minecraft:dirt":14,"minecraft:raw_copper":3,"minecraft:arrow":2,"minecraft:apple":1,"minecraft:wheat_seeds":1,"minecraft:oak_sapling":7,"minecraft:cobblestone":67},"minecraft:used":{"minecraft:wooden_axe":49,"minecraft:stone_pickaxe":10,"minecraft:chest":1,"minecraft:wooden_pickaxe":59,"minecraft:wooden_sword":9,"minecraft:crafting_table":2,"minecraft:oak_sapling":1},"minecraft:broken":{"minecraft:wooden_pickaxe":1},"minecraft:custom":{"minecraft:time_since_rest":11388,"minecraft:sprint_one_cm":15861,"minecraft:damage_taken":175,"minecraft:walk_one_cm":64085,"minecraft:mob_kills":3,"minecraft:damage_dealt":443,"minecraft:interact_with_crafting_table":3,"minecraft:fly_one_cm":16519,"minecraft:open_chest":1,"minecraft:play_time":11388,"minecraft:walk_under_water_one_cm":111,"minecraft:jump":104,"minecraft:time_since_death":11388,"minecraft:walk_on_water_one_cm":1289,"minecraft:total_world_time":11388,"minecraft:fall_one_cm":1463}},"DataVersion":3465}