{"stats":{"minecraft:killed_by":{"minecraft:zombie":1,"minecraft:slime":1},"minecraft:custom":{"minecraft:animals_bred":8,"minecraft:interact_with_crafting_table":113,"minecraft:open_barrel":5,"goblintraders:trade_with_goblin":93,"minecraft:leave_game":8,"minecraft:time_since_death":20456,"minecraft:sprint_one_cm":638332,"minecraft:damage_blocked_by_shield":2045,"minecraft:drop":135,"minecraft:play_time":950062,"minecraft:deaths":27,"minecraft:jump":5111,"minecraft:walk_on_water_one_cm":152764,"minecraft:interact_with_furnace":174,"minecraft:sleep_in_bed":15,"minecraft:damage_dealt":29727,"minecraft:crouch_one_cm":67739,"tombstone:undead_killed":88,"minecraft:mob_kills":150,"minecraft:inspect_hopper":4,"minecraft:climb_one_cm":82113,"minecraft:walk_one_cm":2941249,"minecraft:damage_dealt_absorbed":220,"minecraft:sneak_time":19591,"minecraft:walk_under_water_one_cm":97821,"minecraft:total_world_time":950062,"tombstone:raider_killed":2,"minecraft:time_since_rest":20120,"minecraft:damage_taken":10900,"minecraft:swim_one_cm":9120,"minecraft:fly_one_cm":754411,"minecraft:open_chest":452,"minecraft:fish_caught":4,"minecraft:fall_one_cm":101322},"minecraft:crafted":{"minecraft:oak_planks":280,"minecraft:cobblestone_slab":384,"quark:birch_chest":1,"regions_unexplored:maple_planks":172,"minecraft:cooked_chicken":1,"iceandfire:silver_shovel":1,"minecraft:stone":409,"delightful:roasted_acorn":1,"minecraft:cooked_mutton":7,"minecraft:glass":394,"galosphere:silver_ingot":21,"minecraft:oak_fence":81,"iceandfire:silver_axe":1,"minecraft:dropper":1,"minecraft:emerald":63,"minecraft:crafting_table":4,"minecraft:spruce_planks":36,"minecraft:iron_helmet":1,"minecraft:baked_potato":52,"minecraft:wooden_pickaxe":1,"minecraft:copper_ingot":124,"minecraft:birch_planks":56,"minecraft:wooden_hoe":1,"minecraft:iron_chestplate":1,"minecraft:paper":93,"minecraft:shield":1,"minecraft:stick":320,"minecraft:stone_slab":6,"quark:oak_chest":6,"minecraft:iron_ingot":64,"minecraft:iron_pickaxe":7,"minecraft:stone_sword":2,"minecraft:gold_ingot":4,"minecraft:shears":2,"minecraft:oak_door":3,"minecraft:stone_shovel":11,"minecraft:fishing_rod":1,"minecraft:beehive":2,"minecraft:furnace":4,"minecraft:bone_meal":15,"minecraft:spruce_fence":18,"minecraft:ladder":44,"minecraft:stone_pickaxe":8,"iceandfire:armor_silver_metal_boots":1,"minecraft:cooked_cod":1,"iceandfire:silver_ingot":33,"minecraft:iron_sword":2,"minecraft:cooked_salmon":1,"minecraft:bucket":1,"minecraft:bread":18,"minecraft:air":0,"aether:iron_gloves":1,"minecraft:oak_fence_gate":1,"minecraft:oak_boat":4,"iceandfire:armor_silver_metal_helmet":1,"minecraft:white_wool":1,"minecraft:white_dye":1,"minecraft:wooden_axe":1,"minecraft:iron_leggings":1,"minecraft:white_bed":1,"minecraft:torch":72,"iceandfire:silver_pickaxe":11,"iceandfire:silver_hoe":1},"minecraft:mined":{"regions_unexplored:maple_planks":1,"minecraft:granite":867,"minecraft:budding_amethyst":3,"minecraft:grass_block":510,"regions_unexplored:purple_coneflower":9,"regions_unexplored:stone_bud":13,"minecraft:iron_ore":57,"minecraft:cobbled_deepslate":1,"minecraft:fire":2,"regions_unexplored:mossy_stone":18,"minecraft:pumpkin":4,"minecraft:moss_carpet":1,"diagonalfences:minecraft/spruce_fence":1,"minecraft:oak_stairs":1,"sophisticatedbackpacks:copper_backpack":1,"minecraft:deepslate_redstone_ore":7,"minecraft:amethyst_cluster":4,"minecraft:torch":2,"diagonalfences:minecraft/oak_fence":1,"minecraft:calcite":25,"galosphere:silver_ore":16,"minecraft:glass":4,"minecraft:cobblestone":97,"minecraft:sugar_cane":86,"minecraft:oak_planks":1,"minecraft:amethyst_block":8,"minecraft:wheat":125,"minecraft:tnt":1,"minecraft:grass":61,"regions_unexplored:oak_shrub":2,"minecraft:oak_log":7,"minecraft:beetroots":7,"minecraft:sand":540,"minecraft:dirt":949,"minecraft:smooth_basalt":25,"minecraft:piston":1,"minecraft:deepslate":131,"minecraft:diamond_ore":5,"minecraft:tuff":1,"iceandfire:silver_ore":31,"farmersdelight:wild_carrots":16,"minecraft:ladder":2,"minecraft:redstone_ore":7,"minecraft:carrots":53,"minecraft:andesite":615,"treechop:chopped_log":15,"minecraft:cobblestone_slab":5,"minecraft:deepslate_iron_ore":4,"minecraft:wet_sponge":2,"regions_unexplored:medium_grass":68,"minecraft:stone":4870,"minecraft:crafting_table":3,"minecraft:sponge":5,"minecraft:tall_grass":5,"minecraft:copper_ore":48,"minecraft:lapis_ore":8,"regions_unexplored:daisy":1,"minecraft:diorite":440,"minecraft:sweet_berry_bush":1,"minecraft:mangrove_planks":1,"regions_unexplored:sandy_grass":10,"minecraft:coal_ore":171,"minecraft:gravel":90,"minecraft:cobweb":7,"minecraft:acacia_planks":1,"regions_unexplored:maple_shrub":1,"minecraft:gold_ore":10},"minecraft:killed":{"alexsmobs:lobster":4,"minecraft:witch":2,"minecraft:spider":13,"kobolds:kobold_rascal":1,"minecraft:skeleton":19,"minecraft:chicken":1,"minecraft:pig":2,"alexsmobs:grizzly_bear":1,"alexsmobs:seal":6,"minecraft:creeper":3,"minecraft:sheep":4,"minecraft:zombie":68,"mca:male_zombie_villager":1,"alexsmobs:raccoon":2,"alexsmobs:seagull":1,"minecraft:slime":8,"cataclysm:lionfish":1,"goblintraders:goblin_trader":2,"autumnity:turkey":2,"cataclysm:deepling_angler":1,"minecraft:enderman":5},"minecraft:used":{"stalwart_dungeons:iron_hammer":1,"sophisticatedbackpacks:copper_backpack":1,"minecraft:ladder":156,"minecraft:chest":30,"minecraft:shield":83,"minecraft:stone":181,"minecraft:iron_sword":378,"minecraft:carrot":212,"minecraft:tuff":12,"minecraft:beehive":2,"minecraft:glass":351,"alexsmobs:lobster_tail":1,"minecraft:grass_block":1,"minecraft:slime_spawn_egg":4,"minecraft:furnace":4,"minecraft:cooked_cod":1,"minecraft:beetroot_seeds":7,"minecraft:egg":2,"minecraft:potato":21,"minecraft:diorite":325,"minecraft:cow_spawn_egg":2,"minecraft:stone_pickaxe":1052,"minecraft:wooden_pickaxe":70,"minecraft:sugar_cane":31,"iceandfire:silver_axe":113,"minecraft:shears":16,"iceandfire:silver_pickaxe":5074,"minecraft:bread":8,"minecraft:gravel":24,"minecraft:andesite":94,"minecraft:oak_boat":9,"minecraft:bone_meal":14,"minecraft:experience_bottle":1,"minecraft:oak_fence":61,"quark:birch_chest":1,"minecraft:iron_bars":13,"minecraft:stone_sword":284,"minecraft:flint_and_steel":211,"minecraft:carved_pumpkin":2,"minecraft:stone_shovel":1459,"minecraft:cooked_salmon":1,"minecraft:oak_door":2,"regions_unexplored:maple_planks":35,"minecraft:bee_spawn_egg":23,"minecraft:torch":339,"minecraft:dirt":443,"minecraft:hopper":32,"minecraft:bee_nest":8,"minecraft:granite":44,"minecraft:spruce_fence":18,"minecraft:oak_fence_gate":1,"delightful:roasted_acorn":1,"regions_unexplored:oak_shrub":1,"minecraft:wooden_axe":52,"minecraft:iron_block":68,"minecraft:spawner":4,"tombstone:gift":10,"minecraft:cobbled_deepslate":15,"minecraft:calcite":24,"minecraft:wheat_seeds":129,"minecraft:cooked_mutton":7,"minecraft:water_bucket":32,"minecraft:amethyst_block":9,"minecraft:birch_planks":25,"minecraft:glass_bottle":2,"minecraft:lead":3,"minecraft:baked_potato":6,"minecraft:cobblestone_slab":825,"minecraft:tnt":263,"minecraft:crafting_table":7,"minecraft:white_bed":1,"minecraft:campfire":33,"minecraft:wooden_hoe":57,"minecraft:diamond_shovel":116,"minecraft:iron_pickaxe":1344,"minecraft:stone_slab":6,"iceandfire:silver_hoe":94,"minecraft:fishing_rod":6,"minecraft:cobblestone":1270,"minecraft:potion":1,"minecraft:bucket":11,"quark:oak_chest":6,"iceandfire:silver_shovel":462},"minecraft:broken":{"iceandfire:silver_pickaxe":11,"minecraft:stone_pickaxe":8,"iceandfire:armor_silver_metal_boots":1,"iceandfire:silver_shovel":1,"minecraft:stone_shovel":11,"minecraft:stone_sword":2,"minecraft:flint_and_steel":3,"aether:iron_gloves":1,"minecraft:wooden_pickaxe":1,"iceandfire:armor_silver_metal_helmet":1,"minecraft:iron_pickaxe":5},"minecraft:dropped":{"minecraft:iron_sword":2,"minecraft:flint":5,"minecraft:dirt":10,"regions_unexplored:purple_coneflower":3,"minecraft:amethyst_shard":6,"regions_unexplored:maple_log":1,"minecraft:white_wool":1,"minecraft:gravel":102,"minecraft:sugar_cane":1,"minecraft:cobbled_deepslate":2,"minecraft:wheat":7,"minecraft:rotten_flesh":7,"regions_unexplored:maple_sapling":7,"minecraft:diamond_shovel":1,"iceandfire:silver_shovel":1,"minecraft:cooked_mutton":1,"supplementaries:ash":4,"minecraft:wheat_seeds":2,"minecraft:oak_fence":12,"minecraft:cobblestone":826,"minecraft:amethyst_block":5,"minecraft:granite":58,"minecraft:grass_block":1,"regions_unexplored:red_maple_sapling":4,"quark:clear_shard":2,"minecraft:ink_sac":1,"minecraft:wooden_hoe":1,"minecraft:torch":2,"minecraft:wooden_axe":1,"tombstone:grave_dust":2,"delightful:acorn":1,"sophisticatedbackpacks:jukebox_upgrade":1,"minecraft:string":11,"minecraft:acacia_planks":2,"minecraft:moss_carpet":4,"regions_unexplored:hyssop":2,"minecraft:spruce_fence":1,"minecraft:andesite":131},"minecraft:picked_up":{"minecraft:wooden_axe":1,"minecraft:wheat":176,"minecraft:lead":19,"minecraft:oak_stairs":1,"regions_unexplored:maple_planks":1,"minecraft:amethyst_block":24,"minecraft:string":24,"minecraft:raw_copper":264,"minecraft:pufferfish":1,"minecraft:beetroot":4,"minecraft:cobbled_deepslate":352,"delightful:acorn":4,"regions_unexplored:maple_shrub":2,"minecraft:cobblestone_slab":12,"minecraft:calcite":33,"delightful:green_tea_leaf":5,"minecraft:stick":71,"minecraft:oak_fence":1,"minecraft:torch":16,"minecraft:porkchop":2,"tombstone:grave_dust":15,"minecraft:diorite":498,"quark:clear_shard":70,"minecraft:rotten_flesh":69,"supplementaries:ash":9,"autumnity:turkey":2,"minecraft:cod":1,"alexsmobs:lobster_tail":1,"minecraft:cobblestone":5926,"minecraft:sponge":5,"minecraft:birch_log":14,"minecraft:feather":4,"minecraft:andesite":811,"minecraft:flint":27,"minecraft:tuff":21,"minecraft:lapis_lazuli":87,"minecraft:dirt":1648,"minecraft:bone":26,"minecraft:acacia_planks":2,"minecraft:wheat_seeds":344,"minecraft:raw_gold":10,"galosphere:raw_silver":23,"minecraft:honeycomb":24,"minecraft:oak_planks":1,"minecraft:sand":521,"minecraft:ink_sac":5,"sophisticatedbackpacks:jukebox_upgrade":1,"minecraft:grass_block":1,"minecraft:mossy_cobblestone":18,"cataclysm:lionfish":1,"minecraft:bundle":3,"regions_unexplored:hyssop":2,"minecraft:diamond":5,"minecraft:granite":1162,"minecraft:oak_sapling":10,"iceandfire:raw_silver":35,"minecraft:fishing_rod":1,"minecraft:crafting_table":3,"minecraft:chicken":1,"minecraft:ladder":19,"minecraft:moss_carpet":4,"minecraft:flint_and_steel":5,"minecraft:beef":2,"minecraft:oak_boat":10,"minecraft:sugar_cane":135,"minecraft:birch_sapling":4,"minecraft:piston":1,"minecraft:egg":10,"minecraft:raw_iron":83,"minecraft:spruce_fence":1,"minecraft:carrot":220,"minecraft:redstone":68,"regions_unexplored:purple_coneflower":45,"minecraft:tnt":1,"minecraft:arrow":21,"regions_unexplored:maple_sapling":12,"minecraft:beetroot_seeds":15,"sophisticatedbackpacks:copper_backpack":2,"minecraft:mutton":7,"minecraft:white_wool":4,"minecraft:wet_sponge":2,"minecraft:salmon":1,"minecraft:leather":1,"iceandfire:silver_shovel":1,"minecraft:oak_log":70,"regions_unexplored:red_maple_sapling":4,"minecraft:gunpowder":3,"minecraft:wooden_hoe":1,"minecraft:cooked_mutton":1,"minecraft:apple":1,"minecraft:kelp":18,"minecraft:iron_ingot":1,"minecraft:cobweb":6,"minecraft:glass_bottle":1,"minecraft:mangrove_planks":1,"minecraft:iron_sword":2,"minecraft:smooth_basalt":33,"minecraft:pumpkin":3,"minecraft:sweet_berries":3,"regions_unexplored:oak_shrub":2,"minecraft:gravel":158,"minecraft:amethyst_shard":10,"aquaculture:red_grouper":1,"minecraft:spruce_log":9,"minecraft:spider_eye":8,"minecraft:diamond_shovel":1,"minecraft:slime_ball":331,"regions_unexplored:fireweed":4,"regions_unexplored:maple_log":44,"minecraft:gray_wool":2,"tombstone:magic_scroll":1,"minecraft:coal":207,"minecraft:ender_pearl":1}},"DataVersion":3465}