{"stats":{"minecraft:broken":{"minecraft:stone_sword":1,"minecraft:stone_shovel":8},"minecraft:dropped":{"minecraft:moss_carpet":1,"supplementaries:ash":2,"tombstone:grave_dust":2,"sophisticatedbackpacks:jukebox_upgrade":1},"minecraft:killed":{"mca:male_zombie_villager":1,"minecraft:witch":2,"alexsmobs:seal":3,"minecraft:spider":1,"minecraft:sheep":2,"minecraft:skeleton":2,"minecraft:zombie":12},"minecraft:picked_up":{"minecraft:birch_log":14,"minecraft:crafting_table":2,"regions_unexplored:maple_planks":1,"minecraft:oak_log":20,"minecraft:string":2,"minecraft:dirt":1121,"minecraft:moss_carpet":3,"minecraft:bone":1,"minecraft:wheat_seeds":17,"delightful:acorn":1,"regions_unexplored:maple_shrub":1,"minecraft:glass_bottle":1,"minecraft:sugar_cane":3,"delightful:green_tea_leaf":1,"minecraft:birch_sapling":3,"minecraft:egg":1,"minecraft:stick":27,"minecraft:pumpkin":3,"regions_unexplored:oak_shrub":2,"tombstone:grave_dust":2,"sophisticatedbackpacks:jukebox_upgrade":1,"minecraft:redstone":1,"minecraft:carrot":13,"minecraft:spider_eye":3,"minecraft:mossy_cobblestone":12,"regions_unexplored:purple_coneflower":26,"minecraft:arrow":1,"minecraft:rotten_flesh":13,"regions_unexplored:maple_sapling":4,"regions_unexplored:maple_log":19,"sophisticatedbackpacks:copper_backpack":2,"supplementaries:ash":4,"tombstone:magic_scroll":1,"minecraft:oak_sapling":1,"minecraft:mutton":2,"minecraft:coal":15,"minecraft:white_wool":2,"minecraft:cobblestone":16},"minecraft:crafted":{"minecraft:oak_door":3,"minecraft:oak_planks":40,"minecraft:stone_shovel":9,"minecraft:crafting_table":2,"regions_unexplored:maple_planks":40,"minecraft:wooden_pickaxe":1,"minecraft:furnace":1,"minecraft:birch_planks":28,"minecraft:wooden_hoe":1,"minecraft:stick":8,"quark:oak_chest":2,"minecraft:stone_pickaxe":1,"minecraft:wooden_axe":1,"minecraft:stone_sword":2,"minecraft:torch":8},"minecraft:mined":{"regions_unexplored:maple_planks":1,"farmersdelight:wild_carrots":13,"minecraft:crafting_table":2,"minecraft:grass_block":469,"minecraft:tall_grass":5,"regions_unexplored:purple_coneflower":6,"minecraft:sugar_cane":2,"minecraft:wheat":3,"regions_unexplored:mossy_stone":12,"minecraft:pumpkin":4,"treechop:chopped_log":6,"regions_unexplored:sandy_grass":5,"minecraft:grass":12,"minecraft:coal_ore":15,"regions_unexplored:oak_shrub":2,"minecraft:oak_log":1,"minecraft:dirt":665,"regions_unexplored:medium_grass":22,"minecraft:stone":17,"regions_unexplored:maple_shrub":1,"sophisticatedbackpacks:copper_backpack":1},"minecraft:killed_by":{"minecraft:zombie":1},"minecraft:custom":{"minecraft:interact_with_furnace":2,"minecraft:mob_kills":23,"tombstone:raider_killed":2,"minecraft:interact_with_crafting_table":17,"minecraft:time_since_death":11485,"minecraft:time_since_rest":11008,"minecraft:damage_taken":4010,"minecraft:sprint_one_cm":108464,"minecraft:walk_one_cm":312380,"minecraft:drop":4,"minecraft:damage_dealt":7446,"minecraft:damage_dealt_absorbed":120,"minecraft:swim_one_cm":1823,"minecraft:fly_one_cm":145865,"minecraft:open_chest":13,"minecraft:play_time":84344,"tombstone:undead_killed":15,"minecraft:deaths":15,"minecraft:sneak_time":15,"minecraft:walk_under_water_one_cm":1913,"minecraft:jump":677,"minecraft:walk_on_water_one_cm":4678,"minecraft:total_world_time":84344,"minecraft:fall_one_cm":18731},"minecraft:used":{"minecraft:wheat_seeds":14,"minecraft:stone_sword":221,"minecraft:birch_planks":22,"minecraft:glass_bottle":2,"minecraft:stone_shovel":1136,"sophisticatedbackpacks:copper_backpack":1,"minecraft:wooden_pickaxe":56,"minecraft:oak_door":2,"regions_unexplored:maple_planks":35,"minecraft:dirt":19,"minecraft:crafting_table":4,"minecraft:carrot":11,"regions_unexplored:oak_shrub":1,"minecraft:wooden_axe":49,"minecraft:wooden_hoe":18,"minecraft:bread":1,"minecraft:potion":1,"minecraft:furnace":1,"tombstone:gift":6,"quark:oak_chest":2}},"DataVersion":3465}