{"stats":{"minecraft:picked_up":{"minecraft:wooden_axe":1,"minecraft:fishing_rod":1,"minecraft:iron_chestplate":1,"minecraft:crafting_table":1,"minecraft:wheat":7,"minecraft:golden_pickaxe":1,"minecraft:ladder":9,"minecraft:clay_ball":192,"minecraft:enchanted_book":1,"minecraft:potion":1,"minecraft:shield":3,"minecraft:string":188,"minecraft:raw_copper":119,"minecraft:iron_axe":1,"minecraft:iron_leggings":1,"minecraft:iron_shovel":2,"minecraft:beetroot":8,"minecraft:cobbled_deepslate":507,"minecraft:bucket":1,"minecraft:eye_armor_trim_smithing_template":2,"minecraft:oak_boat":5,"minecraft:iron_pickaxe":6,"minecraft:melon_slice":170,"minecraft:sugar_cane":6,"minecraft:birch_sapling":2,"minecraft:iron_boots":1,"minecraft:egg":2,"minecraft:furnace":1,"minecraft:golden_helmet":1,"minecraft:stick":36,"minecraft:raw_iron":79,"minecraft:oak_fence":12,"minecraft:torch":4,"minecraft:porkchop":2,"minecraft:diorite":229,"minecraft:carrot":68,"minecraft:redstone":41,"minecraft:stone_sword":3,"minecraft:arrow":27,"minecraft:cooked_cod":1,"minecraft:rotten_flesh":90,"minecraft:beetroot_seeds":23,"minecraft:saddle":1,"minecraft:gold_ingot":2,"minecraft:mutton":14,"minecraft:cod":3,"minecraft:rail":117,"minecraft:white_wool":8,"minecraft:cobblestone":1043,"minecraft:birch_log":59,"minecraft:iron_door":2,"minecraft:andesite":243,"minecraft:potato":64,"minecraft:flint":13,"minecraft:tuff":23,"minecraft:oak_log":216,"minecraft:gunpowder":10,"minecraft:lapis_lazuli":35,"minecraft:dirt":469,"minecraft:name_tag":2,"minecraft:cooked_mutton":7,"minecraft:bone":30,"minecraft:apple":11,"minecraft:wheat_seeds":26,"minecraft:raw_gold":9,"minecraft:stone_pickaxe":6,"minecraft:iron_ingot":7,"minecraft:mossy_stone_bricks":2,"minecraft:glass_bottle":1,"minecraft:powered_rail":184,"minecraft:stone_hoe":5,"minecraft:iron_sword":2,"minecraft:oak_planks":44,"minecraft:book":248,"minecraft:dandelion":2,"minecraft:gravel":63,"minecraft:spider_eye":6,"minecraft:iron_hoe":1,"minecraft:diamond":8,"minecraft:stone_axe":4,"minecraft:granite":82,"minecraft:bone_meal":36,"minecraft:gray_wool":2,"minecraft:bread":4,"minecraft:oak_sapling":32,"minecraft:black_wool":2,"minecraft:coal":79,"minecraft:ender_pearl":3},"minecraft:broken":{"minecraft:iron_shovel":1,"minecraft:stone_sword":1,"minecraft:wooden_pickaxe":1,"minecraft:stone_pickaxe":5,"minecraft:wooden_sword":1,"minecraft:stone_axe":1,"minecraft:iron_sword":2,"minecraft:iron_pickaxe":5,"minecraft:wooden_axe":1},"minecraft:used":{"minecraft:stone_sword":132,"minecraft:iron_shovel":382,"minecraft:stone_shovel":107,"minecraft:ladder":68,"minecraft:chest":5,"minecraft:shield":45,"minecraft:iron_sword":474,"minecraft:stone_hoe":105,"minecraft:torch":13,"minecraft:dirt":20,"minecraft:carrot":54,"minecraft:tuff":1,"minecraft:granite":11,"minecraft:polished_diorite":24,"minecraft:iron_hoe":129,"minecraft:wooden_axe":59,"minecraft:iron_axe":63,"minecraft:slime_block":4,"minecraft:melon_seeds":8,"minecraft:oak_sapling":1,"minecraft:furnace":2,"minecraft:cooked_cod":3,"minecraft:beetroot_seeds":8,"minecraft:potato":50,"minecraft:cobbled_deepslate":60,"minecraft:observer":18,"minecraft:wheat_seeds":7,"minecraft:cooked_mutton":2,"minecraft:water_bucket":5,"minecraft:diorite":4,"minecraft:oak_planks":75,"minecraft:stone_pickaxe":545,"minecraft:powered_rail":41,"minecraft:wooden_pickaxe":59,"minecraft:rail":120,"minecraft:crafting_table":3,"minecraft:sticky_piston":1,"minecraft:lever":1,"minecraft:melon_slice":103,"minecraft:bread":3,"minecraft:iron_pickaxe":1431,"minecraft:gravel":11,"minecraft:stone_axe":122,"minecraft:chiseled_stone_bricks":3,"minecraft:fishing_rod":8,"minecraft:wooden_sword":61,"minecraft:cobblestone":259,"minecraft:cooked_porkchop":2,"minecraft:andesite":2,"minecraft:bucket":6,"minecraft:oak_boat":4,"minecraft:bone_meal":48},"minecraft:dropped":{"minecraft:glass_bottle":1,"minecraft:ender_pearl":1,"minecraft:cobblestone":1,"minecraft:flint":5,"minecraft:dirt":24,"minecraft:wooden_axe":1,"minecraft:melon_slice":1,"minecraft:bone_meal":18,"minecraft:string":28,"minecraft:gravel":27,"minecraft:stone_sword":1,"minecraft:cobbled_deepslate":48,"minecraft:rotten_flesh":17,"minecraft:clay_ball":128,"minecraft:gunpowder":2,"minecraft:andesite":4,"minecraft:mossy_stone_bricks":2},"minecraft:killed_by":{"minecraft:spider":2,"minecraft:enderman":1,"minecraft:zombie":3},"minecraft:crafted":{"minecraft:wooden_sword":1,"minecraft:oak_planks":328,"minecraft:stone_shovel":1,"minecraft:fishing_rod":1,"minecraft:furnace":1,"minecraft:bone_meal":66,"minecraft:bookshelf":21,"minecraft:cooked_mutton":2,"minecraft:iron_boots":1,"minecraft:polished_diorite":24,"minecraft:iron_axe":1,"minecraft:iron_hoe":1,"minecraft:stone_pickaxe":4,"minecraft:chest":5,"minecraft:stone_hoe":1,"minecraft:cooked_cod":3,"minecraft:cooked_porkchop":2,"minecraft:crafting_table":2,"minecraft:wooden_pickaxe":1,"minecraft:baked_potato":4,"minecraft:iron_sword":3,"minecraft:copper_ingot":27,"minecraft:birch_planks":28,"minecraft:stone_axe":1,"minecraft:bread":2,"minecraft:air":0,"minecraft:oak_boat":2,"minecraft:iron_chestplate":1,"minecraft:charcoal":9,"minecraft:shield":1,"minecraft:stick":52,"minecraft:iron_ingot":52,"minecraft:iron_pickaxe":7,"minecraft:wooden_axe":1,"minecraft:gold_ingot":9,"minecraft:stone_sword":1,"minecraft:iron_shovel":2,"minecraft:iron_leggings":1,"minecraft:torch":16,"minecraft:shears":1},"minecraft:custom":{"minecraft:mob_kills":125,"minecraft:interact_with_crafting_table":38,"minecraft:leave_game":11,"minecraft:time_since_death":17728,"minecraft:climb_one_cm":41605,"minecraft:sprint_one_cm":337247,"minecraft:walk_one_cm":1324273,"minecraft:damage_blocked_by_shield":1165,"minecraft:drop":32,"minecraft:play_time":358960,"minecraft:sneak_time":2392,"minecraft:deaths":7,"minecraft:walk_under_water_one_cm":17400,"minecraft:boat_one_cm":292110,"minecraft:jump":2022,"minecraft:walk_on_water_one_cm":7119,"minecraft:total_world_time":358960,"minecraft:interact_with_furnace":45,"minecraft:sleep_in_bed":3,"minecraft:time_since_rest":17752,"minecraft:damage_taken":3995,"minecraft:damage_dealt":21599,"minecraft:fly_one_cm":231594,"minecraft:open_chest":113,"minecraft:crouch_one_cm":7099,"minecraft:fish_caught":3,"minecraft:fall_one_cm":19836},"minecraft:mined":{"minecraft:tuff":22,"minecraft:oak_sapling":1,"minecraft:farmland":1,"minecraft:deepslate_diamond_ore":8,"minecraft:ladder":5,"minecraft:granite":55,"minecraft:grass_block":304,"minecraft:spawner":1,"minecraft:furnace":1,"minecraft:carrots":20,"minecraft:iron_ore":41,"minecraft:cobbled_deepslate":2,"minecraft:andesite":167,"minecraft:deepslate_lapis_ore":5,"minecraft:bookshelf":46,"minecraft:potatoes":23,"minecraft:deepslate_iron_ore":11,"minecraft:rail":26,"minecraft:stone":523,"minecraft:deepslate_redstone_ore":7,"minecraft:dandelion":2,"minecraft:clay":48,"minecraft:oak_fence":8,"minecraft:crafting_table":1,"minecraft:torch":1,"minecraft:melon":24,"minecraft:chest":1,"minecraft:tall_grass":3,"minecraft:copper_ore":27,"minecraft:cobblestone":36,"minecraft:deepslate_coal_ore":1,"minecraft:wall_torch":6,"minecraft:deepslate_gold_ore":9,"minecraft:sugar_cane":1,"minecraft:oak_planks":25,"minecraft:iron_door":1,"minecraft:diorite":152,"minecraft:deepslate_copper_ore":3,"minecraft:powered_rail":2,"minecraft:birch_log":34,"minecraft:wheat":7,"minecraft:birch_leaves":3,"minecraft:grass":63,"minecraft:oak_log":89,"minecraft:coal_ore":45,"minecraft:beetroots":8,"minecraft:gravel":42,"minecraft:dirt":144,"minecraft:cobweb":78,"minecraft:cracked_stone_bricks":1,"minecraft:stone_bricks":3,"minecraft:mossy_stone_bricks":4,"minecraft:oak_leaves":41,"minecraft:deepslate":827},"minecraft:killed":{"minecraft:cave_spider":9,"minecraft:witch":1,"minecraft:spider":13,"minecraft:skeleton":16,"minecraft:silverfish":1,"minecraft:pig":2,"minecraft:zombie_villager":1,"minecraft:bat":1,"minecraft:creeper":6,"minecraft:sheep":5,"minecraft:zombie":63,"minecraft:enderman":2}},"DataVersion":3465}