{"stats":{"minecraft:picked_up":{"minecraft:wooden_axe":1,"minecraft:fishing_rod":1,"minecraft:crafting_table":1,"minecraft:wheat":7,"minecraft:ladder":7,"minecraft:potion":1,"minecraft:shield":2,"minecraft:string":153,"minecraft:raw_copper":119,"minecraft:iron_shovel":1,"minecraft:cobbled_deepslate":74,"minecraft:bucket":1,"minecraft:iron_pickaxe":4,"minecraft:melon_slice":50,"minecraft:birch_sapling":2,"minecraft:furnace":1,"minecraft:stick":23,"minecraft:raw_iron":74,"minecraft:oak_fence":8,"minecraft:torch":1,"minecraft:porkchop":2,"minecraft:diorite":112,"minecraft:carrot":14,"minecraft:stone_sword":3,"minecraft:arrow":15,"minecraft:rotten_flesh":65,"minecraft:cooked_cod":1,"minecraft:saddle":1,"minecraft:mutton":2,"minecraft:cod":3,"minecraft:rail":90,"minecraft:white_wool":4,"minecraft:cobblestone":748,"minecraft:birch_log":59,"minecraft:andesite":194,"minecraft:potato":2,"minecraft:flint":4,"minecraft:oak_log":215,"minecraft:gunpowder":5,"minecraft:dirt":403,"minecraft:name_tag":2,"minecraft:cooked_mutton":7,"minecraft:bone":19,"minecraft:apple":2,"minecraft:wheat_seeds":25,"minecraft:stone_pickaxe":6,"minecraft:iron_ingot":4,"minecraft:powered_rail":184,"minecraft:oak_planks":33,"minecraft:iron_sword":1,"minecraft:stone_hoe":5,"minecraft:gravel":25,"minecraft:spider_eye":3,"minecraft:stone_axe":4,"minecraft:granite":75,"minecraft:oak_sapling":32,"minecraft:coal":39,"minecraft:ender_pearl":1},"minecraft:broken":{"minecraft:iron_shovel":1,"minecraft:stone_sword":1,"minecraft:wooden_pickaxe":1,"minecraft:stone_pickaxe":5,"minecraft:wooden_sword":1,"minecraft:iron_sword":1,"minecraft:wooden_axe":1},"minecraft:used":{"minecraft:stone_sword":132,"minecraft:iron_shovel":250,"minecraft:stone_shovel":107,"minecraft:ladder":67,"minecraft:chest":3,"minecraft:shield":18,"minecraft:iron_sword":180,"minecraft:stone_hoe":105,"minecraft:torch":13,"minecraft:dirt":19,"minecraft:carrot":13,"minecraft:granite":11,"minecraft:wooden_axe":59,"minecraft:slime_block":4,"minecraft:melon_seeds":8,"minecraft:furnace":2,"minecraft:oak_sapling":1,"minecraft:cooked_cod":2,"minecraft:beetroot_seeds":2,"minecraft:potato":1,"minecraft:cobbled_deepslate":25,"minecraft:observer":18,"minecraft:wheat_seeds":7,"minecraft:cooked_mutton":1,"minecraft:water_bucket":3,"minecraft:diorite":4,"minecraft:powered_rail":2,"minecraft:stone_pickaxe":545,"minecraft:wooden_pickaxe":59,"minecraft:rail":2,"minecraft:crafting_table":3,"minecraft:sticky_piston":1,"minecraft:lever":1,"minecraft:melon_slice":24,"minecraft:bread":3,"minecraft:iron_pickaxe":171,"minecraft:stone_axe":121,"minecraft:chiseled_stone_bricks":3,"minecraft:fishing_rod":8,"minecraft:wooden_sword":61,"minecraft:cobblestone":212,"minecraft:cooked_porkchop":2,"minecraft:bucket":3,"minecraft:andesite":2,"minecraft:bone_meal":24},"minecraft:dropped":{"minecraft:wooden_axe":1,"minecraft:melon_slice":1,"minecraft:stone_sword":1},"minecraft:killed_by":{"minecraft:spider":2,"minecraft:enderman":1,"minecraft:zombie":2},"minecraft:crafted":{"minecraft:wooden_sword":1,"minecraft:oak_planks":48,"minecraft:stone_shovel":1,"minecraft:fishing_rod":1,"minecraft:furnace":1,"minecraft:bone_meal":24,"minecraft:cooked_mutton":2,"minecraft:stone_pickaxe":4,"minecraft:chest":3,"minecraft:stone_hoe":1,"minecraft:cooked_cod":3,"minecraft:cooked_porkchop":2,"minecraft:crafting_table":2,"minecraft:wooden_pickaxe":1,"minecraft:iron_sword":1,"minecraft:copper_ingot":11,"minecraft:birch_planks":28,"minecraft:stone_axe":1,"minecraft:bread":2,"minecraft:air":0,"minecraft:charcoal":9,"minecraft:shield":1,"minecraft:stick":36,"minecraft:iron_ingot":36,"minecraft:iron_pickaxe":4,"minecraft:wooden_axe":1,"minecraft:stone_sword":1,"minecraft:iron_shovel":1,"minecraft:torch":16,"minecraft:shears":1},"minecraft:custom":{"minecraft:mob_kills":70,"minecraft:interact_with_crafting_table":24,"minecraft:leave_game":7,"minecraft:time_since_death":31109,"minecraft:climb_one_cm":30579,"minecraft:sprint_one_cm":123441,"minecraft:walk_one_cm":709279,"minecraft:damage_blocked_by_shield":450,"minecraft:drop":3,"minecraft:play_time":185420,"minecraft:deaths":6,"minecraft:sneak_time":646,"minecraft:walk_under_water_one_cm":15590,"minecraft:jump":1164,"minecraft:walk_on_water_one_cm":3110,"minecraft:total_world_time":185420,"minecraft:interact_with_furnace":27,"minecraft:sleep_in_bed":2,"minecraft:time_since_rest":31138,"minecraft:damage_taken":2535,"minecraft:damage_dealt":11720,"minecraft:fly_one_cm":155164,"minecraft:open_chest":45,"minecraft:crouch_one_cm":867,"minecraft:fish_caught":3,"minecraft:fall_one_cm":10466},"minecraft:mined":{"minecraft:oak_sapling":1,"minecraft:farmland":1,"minecraft:ladder":3,"minecraft:granite":48,"minecraft:grass_block":253,"minecraft:spawner":1,"minecraft:furnace":1,"minecraft:carrots":4,"minecraft:iron_ore":40,"minecraft:cobbled_deepslate":1,"minecraft:andesite":120,"minecraft:deepslate_iron_ore":8,"minecraft:stone":327,"minecraft:oak_fence":4,"minecraft:crafting_table":1,"minecraft:torch":1,"minecraft:melon":7,"minecraft:tall_grass":2,"minecraft:copper_ore":27,"minecraft:cobblestone":34,"minecraft:deepslate_coal_ore":1,"minecraft:oak_planks":14,"minecraft:diorite":31,"minecraft:deepslate_copper_ore":3,"minecraft:powered_rail":2,"minecraft:birch_log":34,"minecraft:wheat":7,"minecraft:birch_leaves":3,"minecraft:grass":51,"minecraft:oak_log":89,"minecraft:coal_ore":25,"minecraft:gravel":11,"minecraft:dirt":126,"minecraft:cobweb":67,"minecraft:oak_leaves":40,"minecraft:deepslate":65},"minecraft:killed":{"minecraft:cave_spider":6,"minecraft:spider":4,"minecraft:skeleton":7,"minecraft:pig":2,"minecraft:creeper":2,"minecraft:sheep":1,"minecraft:zombie":44,"minecraft:enderman":1}},"DataVersion":3465}