{"stats":{"minecraft:dropped":{"minecraft:iron_sword":2,"minecraft:piston":1,"minecraft:mangrove_planks":1,"minecraft:red_mushroom":1,"minecraft:flint":5,"minecraft:dirt":202,"regions_unexplored:purple_coneflower":3,"minecraft:amethyst_shard":6,"minecraft:gold_nugget":3,"regions_unexplored:maple_log":1,"minecraft:iron_pickaxe":1,"minecraft:polished_blackstone_slab":15,"minecraft:white_wool":1,"minecraft:gravel":112,"minecraft:note_block":2,"minecraft:sugar_cane":1,"minecraft:ancient_debris":2,"minecraft:detector_rail":2,"minecraft:cobbled_deepslate":2,"minecraft:nether_brick":2,"minecraft:wheat":7,"minecraft:rotten_flesh":20,"minecraft:oak_planks":4,"regions_unexplored:maple_sapling":7,"minecraft:enchanted_golden_apple":51,"minecraft:diamond_shovel":1,"iceandfire:silver_shovel":1,"minecraft:cooked_mutton":1,"minecraft:white_bed":1,"minecraft:salmon":14,"supplementaries:ash":4,"iceandfire:silver_pickaxe":1,"minecraft:wheat_seeds":2,"regions_unexplored:maple_shrub":2,"minecraft:oak_fence":12,"minecraft:cobblestone":954,"minecraft:andesite_wall":2,"minecraft:observer":2,"minecraft:amethyst_block":5,"minecraft:granite":173,"minecraft:polished_blackstone_button":4,"minecraft:grass_block":1,"minecraft:coal":1,"regions_unexplored:red_maple_sapling":4,"quark:clear_shard":11,"minecraft:ink_sac":1,"minecraft:wooden_hoe":1,"minecraft:torch":2,"minecraft:wooden_axe":1,"tombstone:grave_dust":5,"delightful:acorn":1,"sophisticatedbackpacks:jukebox_upgrade":1,"minecraft:string":13,"minecraft:acacia_planks":2,"minecraft:redstone":1,"minecraft:moss_carpet":4,"minecraft:sticky_piston":1,"minecraft:slime_block":1,"regions_unexplored:hyssop":2,"minecraft:spruce_fence":1,"minecraft:shroomlight":1,"minecraft:stone":68,"aether:chainmail_gloves":1,"minecraft:dead_tube_coral_fan":1,"minecraft:andesite":131,"minecraft:oak_sapling":8,"minecraft:barrel":2},"minecraft:killed":{"alexsmobs:lobster":4,"minecraft:zombified_piglin":4,"minecraft:witch":3,"minecraft:spider":26,"kobolds:kobold_rascal":1,"cataclysm:netherite_monstrosity":1,"minecraft:skeleton":33,"minecraft:chicken":1,"minecraft:magma_cube":8,"minecraft:pig":2,"alexsmobs:grizzly_bear":1,"stalwart_dungeons:giddy_blaze":13,"alexsmobs:seal":6,"mutantmonsters:mutant_skeleton":1,"minecraft:creeper":6,"alexsmobs:crimson_mosquito":3,"minecraft:sheep":7,"minecraft:zombie":102,"minecraft:blaze":18,"minecraft:cow":1,"mca:male_zombie_villager":2,"alexsmobs:raccoon":2,"alexsmobs:seagull":1,"minecraft:slime":8,"stalwart_dungeons:nether_wart_cocoon":14,"cataclysm:lionfish":1,"goblintraders:goblin_trader":2,"autumnity:turkey":2,"cataclysm:deepling_angler":1,"minecraft:wither_skeleton":10,"minecraft:enderman":7},"minecraft:custom":{"minecraft:animals_bred":15,"minecraft:interact_with_crafting_table":150,"minecraft:open_barrel":75,"goblintraders:trade_with_goblin":93,"minecraft:leave_game":27,"minecraft:time_since_death":40295,"minecraft:damage_resisted":963,"minecraft:sprint_one_cm":1089613,"minecraft:damage_blocked_by_shield":5160,"minecraft:drop":248,"minecraft:play_time":1427157,"minecraft:deaths":45,"minecraft:jump":7969,"minecraft:walk_on_water_one_cm":175090,"minecraft:enchant_item":12,"minecraft:interact_with_furnace":212,"minecraft:sleep_in_bed":18,"minecraft:waystone_activated":2,"minecraft:damage_dealt":70879,"minecraft:crouch_one_cm":84514,"tombstone:undead_killed":152,"minecraft:interact_with_smithing_table":1,"minecraft:interact_with_anvil":7,"minecraft:mob_kills":297,"minecraft:inspect_hopper":4,"minecraft:damage_dealt_resisted":852,"minecraft:climb_one_cm":83500,"minecraft:walk_one_cm":4227732,"minecraft:damage_dealt_absorbed":450,"minecraft:sneak_time":24533,"minecraft:walk_under_water_one_cm":119236,"minecraft:boat_one_cm":69596,"minecraft:interact_with_blast_furnace":3,"minecraft:total_world_time":1427157,"tombstone:raider_killed":3,"minecraft:tune_noteblock":16,"minecraft:time_since_rest":40195,"minecraft:damage_taken":24409,"minecraft:damage_absorbed":3186,"minecraft:trigger_trapped_chest":1,"minecraft:swim_one_cm":9120,"minecraft:fly_one_cm":1682333,"minecraft:open_chest":789,"minecraft:fish_caught":4,"minecraft:fall_one_cm":181607},"minecraft:mined":{"regions_unexplored:yellow_bioshroom_block":2,"stalwart_dungeons:spore_vaporizer":2,"minecraft:white_bed":1,"regions_unexplored:maple_planks":11,"regions_unexplored:maple_log":1,"minecraft:red_nether_bricks":8,"minecraft:granite":884,"minecraft:budding_amethyst":3,"minecraft:grass_block":528,"regions_unexplored:purple_coneflower":19,"minecraft:nether_wart":17,"minecraft:polished_blackstone_bricks":2,"minecraft:weeping_vines_plant":1,"regions_unexplored:stone_bud":20,"minecraft:red_nether_brick_stairs":1,"minecraft:iron_ore":148,"minecraft:cobbled_deepslate":1,"minecraft:fire":7,"regions_unexplored:mossy_stone":76,"minecraft:pumpkin":4,"minecraft:moss_carpet":1,"minecraft:anvil":2,"minecraft:nether_brick_stairs":2,"diagonalfences:minecraft/spruce_fence":1,"minecraft:oak_stairs":1,"sophisticatedbackpacks:copper_backpack":1,"minecraft:deepslate_redstone_ore":7,"minecraft:amethyst_cluster":5,"minecraft:torch":3,"minecraft:blast_furnace":2,"diagonalfences:minecraft/oak_fence":1,"minecraft:calcite":25,"galosphere:silver_ore":16,"minecraft:glass":4,"minecraft:cobblestone":179,"minecraft:oak_planks":1,"minecraft:sugar_cane":92,"minecraft:amethyst_block":8,"regions_unexplored:glister_bulb":1,"minecraft:wheat":249,"biomesoplenty:hair":1,"minecraft:lava_cauldron":4,"minecraft:tnt":1,"minecraft:grass":82,"regions_unexplored:oak_shrub":2,"minecraft:oak_log":17,"minecraft:beetroots":7,"minecraft:sand":540,"minecraft:dirt":957,"minecraft:smooth_basalt":28,"minecraft:netherrack":1,"minecraft:piston":1,"minecraft:oak_leaves":11,"minecraft:deepslate":131,"minecraft:nether_gold_ore":6,"minecraft:diamond_ore":5,"minecraft:tuff":1,"iceandfire:silver_ore":31,"farmersdelight:wild_carrots":16,"minecraft:nether_bricks":32,"minecraft:ladder":2,"minecraft:spruce_leaves":1,"regions_unexplored:raw_redstone_block":18,"minecraft:cracked_nether_bricks":3,"minecraft:redstone_ore":7,"minecraft:carrots":72,"minecraft:snow":28,"minecraft:andesite":672,"treechop:chopped_log":61,"minecraft:deepslate_iron_ore":4,"minecraft:cobblestone_slab":5,"minecraft:wet_sponge":2,"regions_unexplored:medium_grass":97,"minecraft:stone":5325,"minecraft:bone_block":8,"minecraft:smithing_table":1,"minecraft:chiseled_nether_bricks":1,"minecraft:soul_sand":4,"quark:oak_chest":3,"quark:matrix_enchanter":1,"minecraft:crafting_table":3,"minecraft:sponge":5,"minecraft:copper_ore":51,"minecraft:tall_grass":7,"minecraft:lapis_ore":15,"regions_unexplored:daisy":1,"minecraft:diorite":445,"supplementaries:urn":3,"minecraft:coarse_dirt":7,"regions_unexplored:redstone_bud":1,"minecraft:sweet_berry_bush":1,"minecraft:ice":11,"minecraft:gray_bed":1,"minecraft:mangrove_planks":1,"regions_unexplored:sandy_grass":10,"minecraft:coal_ore":225,"minecraft:gravel":94,"minecraft:cobweb":7,"minecraft:acacia_planks":1,"regions_unexplored:maple_shrub":2,"minecraft:gold_ore":10,"minecraft:fern":2},"minecraft:picked_up":{"regions_unexplored:pointed_redstone":1,"minecraft:wheat":289,"minecraft:iron_chestplate":1,"minecraft:redstone_block":7,"cataclysm:monstrous_horn":2,"minecraft:anvil":2,"minecraft:lead":20,"minecraft:smithing_table":3,"galosphere:silver_ingot":2,"minecraft:oak_stairs":1,"regions_unexplored:maple_planks":11,"minecraft:nether_brick":22,"minecraft:amethyst_block":24,"minecraft:string":45,"mutantmonsters:mutant_skeleton_skull":1,"minecraft:raw_copper":288,"minecraft:red_nether_bricks":8,"minecraft:pufferfish":1,"minecraft:beetroot":4,"minecraft:activator_rail":2,"alexsmobs:blood_sac":1,"supplementaries:hourglass":1,"minecraft:gold_nugget":25,"minecraft:cobbled_deepslate":352,"minecraft:bucket":1,"delightful:acorn":8,"regions_unexplored:maple_shrub":4,"minecraft:cobblestone_slab":13,"minecraft:calcite":35,"minecraft:iron_pickaxe":2,"delightful:green_tea_leaf":14,"wstweaks:fragment":14,"minecraft:furnace":1,"minecraft:golden_helmet":1,"minecraft:stick":194,"minecraft:oak_fence":1,"minecraft:torch":20,"minecraft:porkchop":2,"minecraft:music_disc_pigstep":1,"tombstone:grave_dust":28,"regions_unexplored:raw_redstone_block":18,"minecraft:diorite":893,"minecraft:chiseled_nether_bricks":1,"minecraft:cauldron":4,"mutantmonsters:mutant_skeleton_pelvis":1,"minecraft:andesite_wall":1,"quark:clear_shard":75,"minecraft:rotten_flesh":121,"aether:chainmail_gloves":1,"minecraft:carved_pumpkin":1,"supplementaries:ash":15,"autumnity:turkey":2,"minecraft:blaze_rod":21,"mutantmonsters:mutant_skeleton_shoulder_pad":1,"minecraft:iron_bars":1,"minecraft:snowball":40,"minecraft:cod":1,"minecraft:enchanting_table":1,"alexsmobs:lobster_tail":1,"minecraft:cobblestone":7754,"minecraft:sponge":10,"minecraft:birch_log":19,"minecraft:magma_block":1,"minecraft:feather":4,"minecraft:magma_cream":1,"minecraft:andesite":1448,"minecraft:brown_wool":4,"minecraft:flint":27,"minecraft:tuff":21,"minecraft:lapis_lazuli":184,"minecraft:dirt":2855,"minecraft:name_tag":1,"minecraft:bone":63,"minecraft:acacia_planks":2,"minecraft:wheat_seeds":680,"minecraft:raw_gold":10,"minecraft:diamond_helmet":1,"galosphere:raw_silver":23,"minecraft:powered_rail":16,"minecraft:honeycomb":42,"minecraft:oak_planks":5,"minecraft:polished_blackstone_slab":15,"minecraft:sand":552,"minecraft:nether_brick_stairs":2,"minecraft:ink_sac":5,"sophisticatedbackpacks:jukebox_upgrade":2,"minecraft:grass_block":2,"alexsmobs:animal_dictionary":1,"minecraft:barrel":2,"minecraft:mossy_cobblestone":72,"stalwart_dungeons:spore_vaporizer":2,"cataclysm:lionfish":1,"minecraft:bundle":4,"regions_unexplored:glister_bulb":1,"regions_unexplored:hyssop":2,"minecraft:sugar":3,"minecraft:diamond":5,"waystones:waystone":1,"minecraft:polished_blackstone_button":4,"minecraft:granite":2329,"minecraft:bread":5,"minecraft:oak_sapling":28,"minecraft:oak_leaves":11,"minecraft:andesite_slab":1,"iceandfire:raw_silver":35,"artifacts:night_vision_goggles":1,"minecraft:charcoal":2,"minecraft:spruce_leaves":1,"minecraft:fishing_rod":1,"minecraft:crafting_table":4,"minecraft:coarse_dirt":7,"minecraft:nether_wart":65,"minecraft:chicken":1,"iceandfire:witherbone":5,"minecraft:ladder":31,"minecraft:shield":1,"minecraft:moss_carpet":4,"minecraft:flint_and_steel":6,"minecraft:detector_rail":1,"travelersbackpack:lapis":1,"minecraft:beef":2,"minecraft:oak_boat":10,"minecraft:observer":1,"minecraft:iron_nugget":6,"minecraft:sugar_cane":146,"minecraft:birch_sapling":6,"minecraft:piston":2,"minecraft:egg":18,"minecraft:raw_iron":181,"minecraft:stone":389,"minecraft:oak_door":1,"minecraft:note_block":1,"minecraft:spruce_fence":1,"sophisticatedbackpacks:backpack":1,"minecraft:polished_blackstone_bricks":22,"minecraft:carrot":323,"minecraft:redstone":105,"regions_unexplored:purple_coneflower":104,"minecraft:tnt":1,"minecraft:arrow":43,"regions_unexplored:redstone_bulb":1,"regions_unexplored:maple_sapling":47,"minecraft:beetroot_seeds":15,"minecraft:nether_bricks":31,"mutantmonsters:mutant_skeleton_rib":3,"minecraft:gold_ingot":1,"tombstone:essence_of_undeath":2,"sophisticatedbackpacks:copper_backpack":4,"minecraft:polished_blackstone":20,"minecraft:mutton":12,"minecraft:bone_block":6,"minecraft:rail":4,"minecraft:white_wool":4,"minecraft:wet_sponge":4,"minecraft:salmon":15,"minecraft:blackstone_slab":2,"minecraft:leather":1,"iceandfire:silver_shovel":1,"minecraft:red_mushroom":1,"minecraft:oak_log":127,"minecraft:ancient_debris":1,"regions_unexplored:red_maple_sapling":10,"minecraft:gunpowder":5,"minecraft:wooden_hoe":1,"mutantmonsters:mutant_skeleton_limb":8,"minecraft:cooked_mutton":1,"cataclysm:infernal_forge":1,"minecraft:red_nether_brick_stairs":1,"minecraft:apple":8,"minecraft:kelp":18,"minecraft:iron_ingot":2,"minecraft:cobweb":12,"tombstone:bag_of_seeds":1,"minecraft:glass_bottle":1,"minecraft:gray_bed":1,"minecraft:mangrove_planks":2,"minecraft:iron_sword":3,"minecraft:soul_sand":4,"minecraft:smooth_basalt":39,"minecraft:sweet_berries":3,"minecraft:pumpkin":6,"minecraft:cracked_nether_bricks":3,"regions_unexplored:oak_shrub":2,"minecraft:gravel":221,"minecraft:amethyst_shard":10,"aquaculture:red_grouper":1,"minecraft:spruce_sapling":2,"minecraft:blast_furnace":5,"minecraft:white_bed":3,"minecraft:spruce_log":40,"quark:oak_chest":3,"minecraft:spider_eye":15,"iceandfire:silver_pickaxe":1,"minecraft:diamond_shovel":1,"minecraft:slime_ball":331,"regions_unexplored:fireweed":4,"minecraft:iron_helmet":1,"regions_unexplored:maple_log":154,"minecraft:gray_wool":2,"tombstone:magic_scroll":4,"minecraft:coal":294,"minecraft:wooden_axe":1,"minecraft:ender_pearl":3},"minecraft:killed_by":{"minecraft:zombified_piglin":1,"minecraft:zombie":1,"minecraft:slime":1},"minecraft:crafted":{"minecraft:oak_planks":384,"minecraft:cobblestone_slab":384,"quark:birch_chest":1,"regions_unexplored:maple_planks":612,"minecraft:cooked_chicken":1,"iceandfire:silver_shovel":1,"minecraft:stone":409,"minecraft:bookshelf":10,"minecraft:cracked_stone_bricks":4,"delightful:roasted_acorn":1,"minecraft:cooked_mutton":7,"minecraft:glass":394,"minecraft:iron_boots":2,"explorerscompass:explorerscompass":1,"galosphere:silver_ingot":23,"iceandfire:copper_pickaxe":1,"minecraft:stone_bricks":20,"minecraft:oak_fence":81,"iceandfire:silver_axe":1,"minecraft:dropper":1,"minecraft:emerald":63,"minecraft:crafting_table":4,"minecraft:spruce_planks":36,"minecraft:iron_helmet":2,"minecraft:wooden_pickaxe":1,"minecraft:baked_potato":52,"minecraft:copper_ingot":124,"minecraft:birch_planks":56,"minecraft:book":31,"minecraft:paper":93,"minecraft:wooden_hoe":1,"minecraft:iron_chestplate":2,"minecraft:shield":2,"quark:oak_chest":10,"minecraft:stick":320,"minecraft:stone_slab":6,"minecraft:iron_ingot":176,"minecraft:compass":2,"minecraft:iron_pickaxe":7,"minecraft:iron_block":4,"minecraft:stone_sword":2,"minecraft:gold_ingot":20,"minecraft:shears":2,"minecraft:oak_door":3,"minecraft:stone_shovel":11,"minecraft:fishing_rod":1,"minecraft:beehive":2,"minecraft:furnace":4,"minecraft:bone_meal":30,"minecraft:spruce_fence":18,"minecraft:ladder":44,"minecraft:stone_pickaxe":8,"iceandfire:armor_silver_metal_boots":1,"minecraft:cooked_cod":1,"iceandfire:silver_ingot":35,"minecraft:iron_sword":3,"minecraft:cooked_salmon":1,"minecraft:bucket":1,"minecraft:air":0,"minecraft:bread":18,"aether:iron_gloves":1,"minecraft:oak_fence_gate":1,"minecraft:oak_boat":4,"iceandfire:armor_silver_metal_helmet":1,"minecraft:white_wool":1,"minecraft:white_dye":1,"minecraft:wooden_axe":1,"minecraft:iron_leggings":2,"minecraft:anvil":1,"minecraft:white_bed":1,"minecraft:torch":232,"iceandfire:silver_pickaxe":12,"iceandfire:silver_hoe":1},"minecraft:broken":{"minecraft:golden_helmet":1,"minecraft:leather_leggings":1,"minecraft:iron_boots":1,"minecraft:iron_chestplate":1,"minecraft:iron_leggings":1,"iceandfire:silver_pickaxe":11,"minecraft:stone_pickaxe":8,"minecraft:golden_sword":1,"minecraft:iron_sword":3,"iceandfire:armor_silver_metal_boots":1,"iceandfire:silver_shovel":1,"minecraft:stone_shovel":11,"minecraft:leather_helmet":1,"minecraft:stone_sword":2,"minecraft:flint_and_steel":3,"aether:iron_gloves":1,"minecraft:leather_chestplate":1,"minecraft:wooden_pickaxe":1,"iceandfire:armor_silver_metal_helmet":1,"minecraft:shield":2,"minecraft:iron_pickaxe":6,"minecraft:iron_helmet":1},"minecraft:used":{"stalwart_dungeons:iron_hammer":1,"minecraft:dead_tube_coral_fan":1,"minecraft:ladder":156,"sophisticatedbackpacks:copper_backpack":1,"minecraft:chest":35,"minecraft:shield":175,"minecraft:stone":269,"minecraft:iron_sword":1156,"minecraft:red_nether_brick_stairs":1,"minecraft:nether_bricks":49,"minecraft:carrot":231,"minecraft:tuff":12,"minecraft:beehive":2,"minecraft:obsidian":13,"minecraft:glass":351,"cataclysm:infernal_forge":30,"alexsmobs:lobster_tail":1,"minecraft:grass_block":1,"stalwart_dungeons:spore_vaporizer":2,"minecraft:iron_helmet":1,"iceandfire:copper_pickaxe":267,"minecraft:slime_spawn_egg":4,"minecraft:golden_sword":22,"minecraft:magma_block":1,"supplementaries:ash":1,"minecraft:furnace":5,"minecraft:cooked_cod":1,"minecraft:beetroot_seeds":7,"minecraft:egg":2,"minecraft:potato":21,"minecraft:diorite":325,"minecraft:cow_spawn_egg":2,"minecraft:stone_pickaxe":1052,"minecraft:wooden_pickaxe":70,"minecraft:redstone_block":19,"minecraft:sugar_cane":32,"minecraft:golden_apple":52,"minecraft:sponge":7,"iceandfire:silver_axe":218,"minecraft:note_block":1,"minecraft:shears":16,"iceandfire:silver_pickaxe":5334,"minecraft:sticky_piston":1,"waystones:waystone":1,"minecraft:bread":17,"minecraft:gravel":24,"minecraft:andesite":98,"minecraft:oak_boat":10,"minecraft:bone_meal":16,"minecraft:experience_bottle":145,"minecraft:oak_fence":61,"minecraft:iron_bars":13,"minecraft:enchanting_table":2,"quark:birch_chest":1,"minecraft:stone_sword":284,"minecraft:flint_and_steel":216,"minecraft:carved_pumpkin":2,"minecraft:stone_shovel":1459,"minecraft:cooked_salmon":1,"minecraft:cooked_chicken":1,"minecraft:oak_door":2,"regions_unexplored:maple_planks":485,"minecraft:bee_spawn_egg":23,"minecraft:torch":362,"minecraft:dirt":803,"minecraft:anvil":2,"minecraft:ancient_debris":3,"minecraft:hopper":32,"minecraft:bee_nest":8,"minecraft:granite":158,"minecraft:spruce_fence":18,"minecraft:nether_brick_stairs":2,"minecraft:oak_fence_gate":1,"minecraft:andesite_wall":1,"regions_unexplored:oak_shrub":1,"minecraft:shroomlight":4,"delightful:roasted_acorn":1,"minecraft:wooden_axe":52,"minecraft:bookshelf":10,"minecraft:iron_block":68,"minecraft:iron_axe":189,"minecraft:slime_block":11,"minecraft:spawner":4,"minecraft:smooth_basalt":6,"minecraft:minecart":1,"tombstone:gift":10,"minecraft:cobbled_deepslate":15,"minecraft:observer":4,"minecraft:enchanted_golden_apple":14,"minecraft:calcite":24,"goldenfoods:golden_cooked_beef":1,"minecraft:wheat_seeds":392,"minecraft:cooked_mutton":7,"minecraft:water_bucket":47,"minecraft:amethyst_block":9,"minecraft:birch_planks":25,"minecraft:lead":3,"minecraft:glass_bottle":2,"minecraft:red_nether_bricks":8,"minecraft:baked_potato":45,"minecraft:andesite_slab":2,"minecraft:cobblestone_slab":825,"minecraft:tnt":284,"minecraft:crafting_table":7,"minecraft:campfire":33,"minecraft:white_bed":2,"minecraft:oak_log":31,"tombstone:bag_of_seeds":2,"minecraft:piston":9,"minecraft:wooden_hoe":57,"minecraft:diamond_shovel":155,"minecraft:iron_pickaxe":1767,"minecraft:detector_rail":2,"minecraft:cracked_nether_bricks":10,"minecraft:stone_slab":6,"minecraft:fishing_rod":6,"iceandfire:silver_hoe":242,"minecraft:cobblestone":1641,"minecraft:potion":1,"minecraft:bucket":20,"quark:oak_chest":13,"iceandfire:silver_shovel":462}},"DataVersion":3465}