{"stats":{"minecraft:broken":{"minecraft:stone_sword":1,"minecraft:stone_shovel":5},"minecraft:dropped":{"minecraft:moss_carpet":1,"supplementaries:ash":2,"tombstone:grave_dust":2,"sophisticatedbackpacks:jukebox_upgrade":1},"minecraft:killed":{"mca:male_zombie_villager":1,"minecraft:zombie":11},"minecraft:picked_up":{"minecraft:birch_log":14,"minecraft:crafting_table":1,"regions_unexplored:maple_planks":1,"minecraft:oak_log":20,"minecraft:dirt":694,"minecraft:moss_carpet":3,"minecraft:wheat_seeds":13,"delightful:acorn":1,"regions_unexplored:maple_shrub":1,"delightful:green_tea_leaf":1,"minecraft:birch_sapling":3,"minecraft:stick":27,"regions_unexplored:oak_shrub":2,"tombstone:grave_dust":2,"sophisticatedbackpacks:jukebox_upgrade":1,"minecraft:carrot":9,"minecraft:mossy_cobblestone":12,"regions_unexplored:purple_coneflower":26,"minecraft:rotten_flesh":13,"regions_unexplored:maple_sapling":4,"regions_unexplored:maple_log":19,"sophisticatedbackpacks:copper_backpack":2,"supplementaries:ash":4,"tombstone:magic_scroll":1,"minecraft:oak_sapling":1,"minecraft:coal":15,"minecraft:cobblestone":4},"minecraft:crafted":{"minecraft:oak_door":3,"minecraft:oak_planks":40,"minecraft:stone_shovel":9,"minecraft:crafting_table":2,"regions_unexplored:maple_planks":40,"minecraft:wooden_pickaxe":1,"minecraft:birch_planks":28,"minecraft:wooden_hoe":1,"quark:oak_chest":2,"minecraft:stone_pickaxe":1,"minecraft:wooden_axe":1,"minecraft:stone_sword":2},"minecraft:mined":{"regions_unexplored:maple_planks":1,"farmersdelight:wild_carrots":9,"minecraft:crafting_table":1,"minecraft:grass_block":324,"regions_unexplored:purple_coneflower":6,"minecraft:wheat":3,"regions_unexplored:mossy_stone":12,"treechop:chopped_log":6,"regions_unexplored:sandy_grass":4,"minecraft:grass":9,"minecraft:coal_ore":15,"regions_unexplored:oak_shrub":2,"minecraft:oak_log":1,"minecraft:dirt":393,"regions_unexplored:medium_grass":17,"minecraft:stone":5,"regions_unexplored:maple_shrub":1,"sophisticatedbackpacks:copper_backpack":1},"minecraft:killed_by":{"minecraft:zombie":1},"minecraft:custom":{"minecraft:mob_kills":12,"minecraft:interact_with_crafting_table":12,"minecraft:time_since_death":5733,"minecraft:time_since_rest":5331,"minecraft:damage_taken":3450,"minecraft:sprint_one_cm":58870,"minecraft:walk_one_cm":225052,"minecraft:drop":4,"minecraft:damage_dealt":5292,"minecraft:damage_dealt_absorbed":120,"minecraft:fly_one_cm":80158,"minecraft:open_chest":9,"minecraft:play_time":60344,"tombstone:undead_killed":12,"minecraft:deaths":13,"minecraft:sneak_time":15,"minecraft:jump":404,"minecraft:walk_on_water_one_cm":931,"minecraft:total_world_time":60344,"minecraft:fall_one_cm":14791},"minecraft:used":{"minecraft:wheat_seeds":14,"minecraft:stone_sword":140,"minecraft:birch_planks":22,"minecraft:stone_shovel":720,"sophisticatedbackpacks:copper_backpack":1,"minecraft:wooden_pickaxe":44,"minecraft:oak_door":2,"regions_unexplored:maple_planks":35,"minecraft:dirt":7,"minecraft:crafting_table":3,"minecraft:carrot":11,"regions_unexplored:oak_shrub":1,"minecraft:wooden_axe":48,"minecraft:wooden_hoe":18,"tombstone:gift":6,"quark:oak_chest":2}},"DataVersion":3465}