{"stats":{"minecraft:broken":{"minecraft:stone_sword":2,"minecraft:flint_and_steel":2,"iceandfire:silver_pickaxe":10,"minecraft:wooden_pickaxe":1,"minecraft:stone_pickaxe":8,"minecraft:iron_pickaxe":1,"iceandfire:silver_shovel":1,"minecraft:stone_shovel":11},"minecraft:dropped":{"minecraft:iron_sword":2,"minecraft:cobblestone":407,"minecraft:granite":58,"minecraft:grass_block":1,"quark:clear_shard":2,"minecraft:wooden_hoe":1,"minecraft:torch":2,"minecraft:wooden_axe":1,"tombstone:grave_dust":2,"sophisticatedbackpacks:jukebox_upgrade":1,"minecraft:gravel":70,"minecraft:moss_carpet":4,"minecraft:rotten_flesh":2,"iceandfire:silver_shovel":1,"supplementaries:ash":4,"minecraft:andesite":127},"minecraft:killed":{"alexsmobs:lobster":4,"mca:male_zombie_villager":1,"minecraft:witch":2,"minecraft:spider":6,"kobolds:kobold_rascal":1,"minecraft:slime":2,"minecraft:skeleton":10,"goblintraders:goblin_trader":2,"alexsmobs:seal":3,"minecraft:creeper":3,"minecraft:sheep":3,"minecraft:zombie":39,"minecraft:enderman":4},"minecraft:picked_up":{"minecraft:wooden_axe":1,"minecraft:crafting_table":2,"minecraft:wheat":54,"minecraft:ladder":18,"regions_unexplored:maple_planks":1,"minecraft:amethyst_block":14,"minecraft:string":8,"minecraft:raw_copper":232,"minecraft:moss_carpet":4,"minecraft:pufferfish":1,"minecraft:beetroot":4,"minecraft:cobbled_deepslate":349,"delightful:acorn":2,"regions_unexplored:maple_shrub":2,"minecraft:cobblestone_slab":12,"minecraft:calcite":26,"delightful:green_tea_leaf":3,"minecraft:sugar_cane":47,"minecraft:birch_sapling":4,"minecraft:egg":6,"minecraft:raw_iron":49,"minecraft:stick":44,"minecraft:torch":2,"tombstone:grave_dust":4,"minecraft:diorite":491,"minecraft:carrot":214,"minecraft:redstone":38,"regions_unexplored:purple_coneflower":35,"minecraft:tnt":1,"quark:clear_shard":52,"minecraft:arrow":11,"minecraft:rotten_flesh":40,"regions_unexplored:maple_sapling":5,"minecraft:beetroot_seeds":15,"sophisticatedbackpacks:copper_backpack":2,"supplementaries:ash":7,"minecraft:mutton":4,"minecraft:cod":1,"minecraft:white_wool":2,"alexsmobs:lobster_tail":1,"minecraft:cobblestone":4728,"minecraft:birch_log":14,"minecraft:salmon":1,"minecraft:andesite":790,"iceandfire:silver_shovel":1,"minecraft:flint":17,"minecraft:tuff":21,"minecraft:oak_log":37,"minecraft:gunpowder":3,"minecraft:wooden_hoe":1,"minecraft:lapis_lazuli":59,"minecraft:dirt":1536,"minecraft:bone":11,"minecraft:wheat_seeds":209,"minecraft:raw_gold":4,"minecraft:iron_ingot":1,"minecraft:glass_bottle":1,"galosphere:raw_silver":22,"minecraft:honeycomb":24,"minecraft:iron_sword":2,"minecraft:smooth_basalt":31,"minecraft:pumpkin":3,"regions_unexplored:oak_shrub":2,"minecraft:gravel":102,"minecraft:amethyst_shard":4,"minecraft:sand":521,"aquaculture:red_grouper":1,"sophisticatedbackpacks:jukebox_upgrade":1,"minecraft:grass_block":1,"minecraft:spider_eye":5,"minecraft:mossy_cobblestone":18,"minecraft:bundle":1,"minecraft:diamond":3,"minecraft:granite":1119,"regions_unexplored:maple_log":20,"minecraft:gray_wool":1,"tombstone:magic_scroll":1,"minecraft:oak_sapling":1,"minecraft:coal":190,"iceandfire:raw_silver":33,"minecraft:ender_pearl":1},"minecraft:crafted":{"minecraft:oak_door":3,"minecraft:oak_planks":80,"minecraft:stone_shovel":11,"minecraft:cobblestone_slab":384,"quark:birch_chest":1,"minecraft:fishing_rod":1,"minecraft:beehive":2,"regions_unexplored:maple_planks":80,"iceandfire:silver_shovel":1,"minecraft:furnace":4,"minecraft:stone":409,"minecraft:bone_meal":15,"minecraft:cooked_mutton":4,"minecraft:glass":310,"minecraft:ladder":44,"minecraft:stone_pickaxe":8,"galosphere:silver_ingot":20,"iceandfire:armor_silver_metal_boots":1,"iceandfire:silver_axe":1,"minecraft:cooked_cod":1,"minecraft:dropper":1,"minecraft:emerald":63,"iceandfire:silver_ingot":28,"minecraft:crafting_table":3,"minecraft:wooden_pickaxe":1,"minecraft:iron_sword":1,"minecraft:cooked_salmon":1,"minecraft:copper_ingot":60,"minecraft:bucket":1,"minecraft:birch_planks":56,"minecraft:bread":18,"minecraft:air":0,"aether:iron_gloves":1,"iceandfire:armor_silver_metal_helmet":1,"minecraft:iron_chestplate":1,"minecraft:white_wool":1,"minecraft:wooden_hoe":1,"minecraft:shield":1,"minecraft:white_dye":1,"quark:oak_chest":4,"minecraft:stick":108,"minecraft:stone_slab":6,"minecraft:iron_ingot":52,"minecraft:iron_pickaxe":3,"minecraft:wooden_axe":1,"minecraft:stone_sword":2,"minecraft:iron_leggings":1,"minecraft:white_bed":1,"minecraft:torch":8,"iceandfire:silver_pickaxe":11,"minecraft:shears":1,"iceandfire:silver_hoe":1},"minecraft:mined":{"minecraft:diamond_ore":3,"minecraft:tuff":1,"iceandfire:silver_ore":29,"regions_unexplored:maple_planks":1,"farmersdelight:wild_carrots":15,"minecraft:ladder":2,"minecraft:granite":808,"minecraft:grass_block":505,"regions_unexplored:purple_coneflower":6,"regions_unexplored:stone_bud":13,"minecraft:carrots":53,"minecraft:iron_ore":42,"minecraft:fire":1,"minecraft:cobbled_deepslate":1,"regions_unexplored:mossy_stone":18,"minecraft:andesite":593,"minecraft:pumpkin":4,"minecraft:moss_carpet":1,"treechop:chopped_log":8,"minecraft:deepslate_iron_ore":4,"minecraft:cobblestone_slab":5,"regions_unexplored:medium_grass":66,"minecraft:stone":3890,"sophisticatedbackpacks:copper_backpack":1,"minecraft:deepslate_redstone_ore":7,"minecraft:amethyst_cluster":1,"minecraft:crafting_table":2,"minecraft:calcite":18,"galosphere:silver_ore":16,"minecraft:cobblestone":72,"minecraft:glass":4,"minecraft:tall_grass":5,"minecraft:copper_ore":46,"minecraft:lapis_ore":4,"minecraft:sugar_cane":26,"minecraft:diorite":434,"minecraft:amethyst_block":3,"minecraft:wheat":71,"minecraft:tnt":1,"regions_unexplored:sandy_grass":10,"minecraft:grass":55,"minecraft:oak_log":1,"regions_unexplored:oak_shrub":2,"minecraft:coal_ore":154,"minecraft:beetroots":7,"minecraft:gravel":58,"minecraft:sand":540,"minecraft:dirt":923,"minecraft:smooth_basalt":20,"regions_unexplored:maple_shrub":1,"minecraft:gold_ore":4,"minecraft:deepslate":130},"minecraft:killed_by":{"minecraft:zombie":1},"minecraft:custom":{"minecraft:mob_kills":81,"minecraft:inspect_hopper":3,"minecraft:interact_with_crafting_table":79,"goblintraders:trade_with_goblin":93,"minecraft:time_since_death":3136,"minecraft:leave_game":5,"minecraft:climb_one_cm":62129,"minecraft:sprint_one_cm":391715,"minecraft:walk_one_cm":2013698,"minecraft:damage_blocked_by_shield":755,"minecraft:drop":89,"minecraft:damage_dealt_absorbed":220,"minecraft:play_time":651766,"minecraft:deaths":19,"minecraft:sneak_time":15887,"minecraft:walk_under_water_one_cm":50103,"minecraft:jump":3556,"minecraft:walk_on_water_one_cm":49194,"minecraft:total_world_time":651766,"minecraft:interact_with_furnace":134,"tombstone:raider_killed":2,"minecraft:sleep_in_bed":9,"minecraft:time_since_rest":737,"minecraft:damage_taken":7707,"minecraft:damage_dealt":18164,"minecraft:swim_one_cm":1960,"minecraft:fly_one_cm":491701,"minecraft:open_chest":260,"minecraft:crouch_one_cm":56347,"tombstone:undead_killed":50,"minecraft:fish_caught":4,"minecraft:fall_one_cm":73682},"minecraft:used":{"minecraft:oak_fence":1,"minecraft:iron_bars":13,"quark:birch_chest":1,"minecraft:stone_sword":284,"minecraft:flint_and_steel":174,"minecraft:carved_pumpkin":2,"minecraft:stone_shovel":1459,"minecraft:ladder":155,"sophisticatedbackpacks:copper_backpack":1,"minecraft:chest":10,"minecraft:shield":46,"minecraft:stone":94,"minecraft:iron_sword":157,"minecraft:cooked_salmon":1,"minecraft:bee_spawn_egg":23,"minecraft:oak_door":2,"regions_unexplored:maple_planks":35,"minecraft:torch":270,"minecraft:dirt":429,"minecraft:hopper":16,"minecraft:carrot":169,"minecraft:bee_nest":8,"minecraft:tuff":12,"minecraft:granite":44,"minecraft:beehive":2,"regions_unexplored:oak_shrub":1,"minecraft:glass":268,"minecraft:wooden_axe":52,"alexsmobs:lobster_tail":1,"minecraft:iron_block":68,"minecraft:grass_block":1,"minecraft:spawner":4,"minecraft:slime_spawn_egg":4,"minecraft:furnace":4,"minecraft:cooked_cod":1,"minecraft:beetroot_seeds":7,"tombstone:gift":8,"minecraft:cobbled_deepslate":15,"minecraft:calcite":24,"minecraft:wheat_seeds":129,"minecraft:cooked_mutton":4,"minecraft:water_bucket":11,"minecraft:diorite":324,"minecraft:amethyst_block":9,"minecraft:birch_planks":25,"minecraft:glass_bottle":2,"minecraft:stone_pickaxe":1052,"minecraft:wooden_pickaxe":70,"minecraft:sugar_cane":22,"minecraft:cobblestone_slab":825,"minecraft:tnt":231,"minecraft:crafting_table":5,"minecraft:campfire":16,"minecraft:white_bed":1,"iceandfire:silver_axe":23,"minecraft:shears":10,"iceandfire:silver_pickaxe":4964,"minecraft:wooden_hoe":57,"minecraft:diamond_shovel":49,"minecraft:bread":3,"minecraft:iron_pickaxe":270,"minecraft:stone_slab":6,"minecraft:fishing_rod":6,"iceandfire:silver_hoe":75,"minecraft:potion":1,"minecraft:cobblestone":1102,"minecraft:andesite":94,"minecraft:bucket":11,"quark:oak_chest":4,"iceandfire:silver_shovel":462,"minecraft:bone_meal":14}},"DataVersion":3465}