{"stats":{"minecraft:killed":{"alexsmobs:lobster":4,"mca:male_zombie_villager":1,"minecraft:witch":2,"minecraft:spider":1,"minecraft:skeleton":3,"alexsmobs:seal":3,"minecraft:creeper":1,"minecraft:sheep":3,"minecraft:zombie":22,"minecraft:enderman":1},"minecraft:custom":{"minecraft:mob_kills":41,"minecraft:interact_with_crafting_table":51,"minecraft:leave_game":3,"minecraft:time_since_death":19635,"minecraft:sprint_one_cm":265506,"minecraft:walk_one_cm":1000098,"minecraft:damage_blocked_by_shield":85,"minecraft:drop":72,"minecraft:damage_dealt_absorbed":140,"minecraft:play_time":340552,"minecraft:deaths":16,"minecraft:sneak_time":3256,"minecraft:walk_under_water_one_cm":49153,"minecraft:jump":1758,"minecraft:walk_on_water_one_cm":46516,"minecraft:total_world_time":340552,"minecraft:interact_with_furnace":84,"tombstone:raider_killed":2,"minecraft:sleep_in_bed":7,"minecraft:time_since_rest":19363,"minecraft:damage_taken":5192,"minecraft:damage_dealt":10177,"minecraft:swim_one_cm":1960,"minecraft:fly_one_cm":262621,"minecraft:open_chest":106,"minecraft:crouch_one_cm":12917,"tombstone:undead_killed":26,"minecraft:fish_caught":4,"minecraft:fall_one_cm":41279},"minecraft:crafted":{"minecraft:oak_door":3,"minecraft:oak_planks":80,"minecraft:stone_shovel":11,"quark:birch_chest":1,"minecraft:fishing_rod":1,"regions_unexplored:maple_planks":76,"iceandfire:silver_shovel":1,"minecraft:furnace":1,"minecraft:bone_meal":15,"minecraft:cooked_mutton":4,"minecraft:glass":266,"minecraft:stone_pickaxe":8,"galosphere:silver_ingot":7,"minecraft:cooked_cod":1,"iceandfire:silver_ingot":18,"minecraft:crafting_table":3,"minecraft:wooden_pickaxe":1,"minecraft:iron_sword":1,"minecraft:cooked_salmon":1,"minecraft:bucket":1,"minecraft:birch_planks":56,"minecraft:air":0,"minecraft:white_wool":1,"minecraft:wooden_hoe":1,"minecraft:shield":1,"minecraft:white_dye":1,"minecraft:stick":36,"quark:oak_chest":4,"minecraft:iron_pickaxe":1,"minecraft:iron_ingot":9,"minecraft:wooden_axe":1,"minecraft:stone_sword":2,"minecraft:white_bed":1,"minecraft:torch":8,"iceandfire:silver_pickaxe":4},"minecraft:used":{"quark:birch_chest":1,"minecraft:stone_sword":283,"minecraft:flint_and_steel":58,"minecraft:stone_shovel":1459,"sophisticatedbackpacks:copper_backpack":1,"minecraft:shield":7,"minecraft:iron_sword":6,"minecraft:cooked_salmon":1,"minecraft:oak_door":2,"regions_unexplored:maple_planks":35,"minecraft:torch":8,"minecraft:dirt":369,"minecraft:carrot":91,"minecraft:granite":22,"regions_unexplored:oak_shrub":1,"minecraft:glass":262,"minecraft:wooden_axe":52,"alexsmobs:lobster_tail":1,"minecraft:furnace":1,"minecraft:cooked_cod":1,"minecraft:beetroot_seeds":7,"tombstone:gift":8,"minecraft:wheat_seeds":24,"minecraft:cooked_mutton":4,"minecraft:water_bucket":2,"minecraft:diorite":9,"minecraft:birch_planks":25,"minecraft:glass_bottle":2,"minecraft:stone_pickaxe":1052,"minecraft:wooden_pickaxe":70,"minecraft:sugar_cane":3,"minecraft:tnt":64,"minecraft:crafting_table":5,"minecraft:white_bed":1,"iceandfire:silver_pickaxe":1857,"minecraft:wooden_hoe":57,"minecraft:bread":1,"minecraft:iron_pickaxe":250,"minecraft:fishing_rod":6,"minecraft:cobblestone":102,"minecraft:potion":1,"minecraft:bucket":2,"quark:oak_chest":4,"iceandfire:silver_shovel":127,"minecraft:bone_meal":14},"minecraft:killed_by":{"minecraft:zombie":1},"minecraft:picked_up":{"minecraft:crafting_table":2,"minecraft:wheat":1,"regions_unexplored:maple_planks":1,"minecraft:string":2,"minecraft:moss_carpet":4,"minecraft:raw_copper":109,"minecraft:pufferfish":1,"minecraft:beetroot":2,"delightful:acorn":1,"regions_unexplored:maple_shrub":1,"minecraft:sugar_cane":3,"delightful:green_tea_leaf":1,"minecraft:birch_sapling":3,"minecraft:egg":5,"minecraft:raw_iron":14,"minecraft:stick":27,"tombstone:grave_dust":3,"minecraft:diorite":341,"minecraft:carrot":109,"minecraft:redstone":1,"regions_unexplored:purple_coneflower":35,"minecraft:arrow":2,"quark:clear_shard":52,"minecraft:rotten_flesh":23,"regions_unexplored:maple_sapling":4,"minecraft:beetroot_seeds":5,"sophisticatedbackpacks:copper_backpack":2,"supplementaries:ash":5,"minecraft:mutton":4,"minecraft:cod":1,"alexsmobs:lobster_tail":1,"minecraft:white_wool":2,"minecraft:cobblestone":2152,"minecraft:birch_log":14,"minecraft:andesite":363,"minecraft:salmon":1,"iceandfire:silver_shovel":1,"minecraft:oak_log":20,"minecraft:gunpowder":3,"minecraft:lapis_lazuli":15,"minecraft:dirt":1415,"minecraft:bone":2,"minecraft:wheat_seeds":37,"minecraft:glass_bottle":1,"galosphere:raw_silver":7,"minecraft:pumpkin":3,"regions_unexplored:oak_shrub":2,"minecraft:sand":254,"aquaculture:red_grouper":1,"sophisticatedbackpacks:jukebox_upgrade":1,"minecraft:spider_eye":3,"minecraft:mossy_cobblestone":18,"minecraft:granite":715,"regions_unexplored:maple_log":19,"minecraft:gray_wool":1,"minecraft:oak_sapling":1,"tombstone:magic_scroll":1,"minecraft:coal":112,"iceandfire:raw_silver":18},"minecraft:mined":{"iceandfire:silver_ore":18,"regions_unexplored:maple_planks":1,"farmersdelight:wild_carrots":15,"minecraft:granite":487,"minecraft:grass_block":475,"regions_unexplored:purple_coneflower":6,"minecraft:carrots":26,"minecraft:iron_ore":14,"minecraft:fire":1,"regions_unexplored:mossy_stone":18,"minecraft:andesite":304,"minecraft:pumpkin":4,"treechop:chopped_log":6,"minecraft:moss_carpet":1,"regions_unexplored:medium_grass":35,"minecraft:stone":1900,"sophisticatedbackpacks:copper_backpack":1,"minecraft:crafting_table":2,"galosphere:silver_ore":7,"minecraft:glass":4,"minecraft:tall_grass":5,"minecraft:copper_ore":19,"minecraft:cobblestone":17,"minecraft:sugar_cane":2,"minecraft:diorite":308,"minecraft:wheat":13,"regions_unexplored:sandy_grass":8,"minecraft:grass":14,"minecraft:oak_log":1,"regions_unexplored:oak_shrub":2,"minecraft:coal_ore":99,"minecraft:beetroots":2,"minecraft:sand":260,"minecraft:dirt":878,"regions_unexplored:maple_shrub":1},"minecraft:broken":{"minecraft:stone_sword":1,"iceandfire:silver_pickaxe":4,"minecraft:wooden_pickaxe":1,"minecraft:stone_pickaxe":8,"minecraft:iron_pickaxe":1,"minecraft:stone_shovel":11},"minecraft:dropped":{"minecraft:cobblestone":60,"minecraft:granite":58,"quark:clear_shard":2,"tombstone:grave_dust":2,"sophisticatedbackpacks:jukebox_upgrade":1,"minecraft:moss_carpet":4,"minecraft:rotten_flesh":2,"iceandfire:silver_shovel":1,"supplementaries:ash":4,"minecraft:andesite":38}},"DataVersion":3465}