{"stats":{"minecraft:mined":{"minecraft:oak_sapling":1,"minecraft:birch_log":14,"minecraft:andesite":1,"minecraft:crafting_table":1,"minecraft:grass":4,"minecraft:grass_block":76,"minecraft:oak_log":60,"minecraft:dirt":4,"minecraft:copper_ore":4,"minecraft:cobblestone":2,"minecraft:stone":73,"minecraft:oak_leaves":22},"minecraft:crafted":{"minecraft:wooden_sword":1,"minecraft:oak_planks":40,"minecraft:stone_shovel":1,"minecraft:charcoal":9,"minecraft:cooked_porkchop":2,"minecraft:crafting_table":1,"minecraft:stick":8,"minecraft:wooden_pickaxe":1,"minecraft:stone_pickaxe":1,"minecraft:wooden_axe":1,"minecraft:chest":1,"minecraft:furnace":1,"minecraft:copper_ingot":11,"minecraft:torch":4,"minecraft:stone_axe":1,"minecraft:air":0},"minecraft:killed":{"minecraft:sheep":1,"minecraft:zombie":3,"minecraft:pig":2,"minecraft:creeper":2},"minecraft:picked_up":{"minecraft:wooden_axe":1,"minecraft:birch_log":14,"minecraft:stick":13,"minecraft:crafting_table":1,"minecraft:porkchop":2,"minecraft:oak_log":62,"minecraft:gunpowder":1,"minecraft:dirt":93,"minecraft:raw_copper":11,"minecraft:arrow":2,"minecraft:rotten_flesh":2,"minecraft:apple":2,"minecraft:wheat_seeds":2,"minecraft:oak_sapling":19,"minecraft:mutton":2,"minecraft:white_wool":1,"minecraft:cobblestone":75},"minecraft:used":{"minecraft:wooden_axe":59,"minecraft:stone_shovel":74,"minecraft:stone_pickaxe":23,"minecraft:chest":1,"minecraft:wooden_pickaxe":59,"minecraft:stone_axe":29,"minecraft:torch":4,"minecraft:dirt":13,"minecraft:wooden_sword":47,"minecraft:cobblestone":60,"minecraft:crafting_table":2,"minecraft:furnace":1,"minecraft:oak_sapling":1,"minecraft:cooked_porkchop":1},"minecraft:dropped":{"minecraft:wooden_axe":1},"minecraft:broken":{"minecraft:wooden_axe":1,"minecraft:wooden_pickaxe":1},"minecraft:custom":{"minecraft:time_since_rest":30599,"minecraft:interact_with_furnace":8,"minecraft:sprint_one_cm":26711,"minecraft:damage_taken":265,"minecraft:walk_one_cm":137745,"minecraft:mob_kills":9,"minecraft:drop":1,"minecraft:damage_dealt":1499,"minecraft:interact_with_crafting_table":8,"minecraft:fly_one_cm":26123,"minecraft:open_chest":4,"minecraft:play_time":30599,"minecraft:walk_under_water_one_cm":111,"minecraft:jump":198,"minecraft:leave_game":1,"minecraft:time_since_death":30599,"minecraft:walk_on_water_one_cm":1289,"minecraft:total_world_time":30599,"minecraft:fall_one_cm":2510}},"DataVersion":3465}