{"stats":{"minecraft:killed":{"alexsmobs:lobster":4,"mca:male_zombie_villager":1,"minecraft:witch":2,"minecraft:spider":1,"minecraft:skeleton":3,"alexsmobs:seal":3,"minecraft:creeper":1,"minecraft:sheep":3,"minecraft:zombie":20},"minecraft:custom":{"minecraft:mob_kills":38,"minecraft:interact_with_crafting_table":47,"minecraft:leave_game":3,"minecraft:time_since_death":243693,"minecraft:sprint_one_cm":250268,"minecraft:walk_one_cm":891815,"minecraft:damage_blocked_by_shield":30,"minecraft:drop":11,"minecraft:damage_dealt_absorbed":140,"minecraft:play_time":316552,"minecraft:deaths":15,"minecraft:sneak_time":2753,"minecraft:walk_under_water_one_cm":47040,"minecraft:jump":1629,"minecraft:walk_on_water_one_cm":44366,"minecraft:total_world_time":316552,"minecraft:interact_with_furnace":73,"tombstone:raider_killed":2,"minecraft:sleep_in_bed":6,"minecraft:time_since_rest":61129,"minecraft:damage_taken":4998,"minecraft:damage_dealt":9804,"minecraft:swim_one_cm":1960,"minecraft:fly_one_cm":255835,"minecraft:open_chest":81,"minecraft:crouch_one_cm":11902,"tombstone:undead_killed":24,"minecraft:fish_caught":4,"minecraft:fall_one_cm":36299},"minecraft:crafted":{"minecraft:oak_door":3,"minecraft:oak_planks":40,"minecraft:stone_shovel":11,"quark:birch_chest":1,"minecraft:fishing_rod":1,"regions_unexplored:maple_planks":76,"iceandfire:silver_shovel":1,"minecraft:furnace":1,"minecraft:bone_meal":15,"minecraft:cooked_mutton":4,"minecraft:glass":256,"minecraft:stone_pickaxe":8,"minecraft:cooked_cod":1,"iceandfire:silver_ingot":14,"minecraft:crafting_table":3,"minecraft:wooden_pickaxe":1,"minecraft:iron_sword":1,"minecraft:cooked_salmon":1,"minecraft:bucket":1,"minecraft:birch_planks":56,"minecraft:air":0,"minecraft:white_wool":1,"minecraft:wooden_hoe":1,"minecraft:shield":1,"minecraft:white_dye":1,"minecraft:stick":36,"quark:oak_chest":2,"minecraft:iron_pickaxe":1,"minecraft:iron_ingot":9,"minecraft:wooden_axe":1,"minecraft:stone_sword":2,"minecraft:white_bed":1,"minecraft:torch":8,"iceandfire:silver_pickaxe":4},"minecraft:used":{"quark:birch_chest":1,"minecraft:stone_sword":283,"minecraft:flint_and_steel":36,"minecraft:stone_shovel":1459,"sophisticatedbackpacks:copper_backpack":1,"minecraft:shield":4,"minecraft:cooked_salmon":1,"minecraft:oak_door":2,"regions_unexplored:maple_planks":35,"minecraft:torch":8,"minecraft:dirt":369,"minecraft:carrot":72,"minecraft:granite":22,"regions_unexplored:oak_shrub":1,"minecraft:glass":253,"minecraft:wooden_axe":50,"alexsmobs:lobster_tail":1,"minecraft:furnace":1,"minecraft:cooked_cod":1,"minecraft:beetroot_seeds":7,"tombstone:gift":6,"minecraft:wheat_seeds":24,"minecraft:cooked_mutton":4,"minecraft:water_bucket":2,"minecraft:diorite":9,"minecraft:birch_planks":25,"minecraft:glass_bottle":2,"minecraft:stone_pickaxe":1052,"minecraft:wooden_pickaxe":70,"minecraft:sugar_cane":3,"minecraft:tnt":44,"minecraft:crafting_table":5,"minecraft:white_bed":1,"iceandfire:silver_pickaxe":1220,"minecraft:wooden_hoe":57,"minecraft:bread":1,"minecraft:iron_pickaxe":250,"minecraft:fishing_rod":6,"minecraft:cobblestone":73,"minecraft:potion":1,"minecraft:bucket":2,"quark:oak_chest":2,"iceandfire:silver_shovel":127,"minecraft:bone_meal":14},"minecraft:killed_by":{"minecraft:zombie":1},"minecraft:picked_up":{"minecraft:crafting_table":2,"regions_unexplored:maple_planks":1,"minecraft:string":2,"minecraft:moss_carpet":4,"minecraft:raw_copper":73,"minecraft:pufferfish":1,"minecraft:beetroot":2,"delightful:acorn":1,"regions_unexplored:maple_shrub":1,"minecraft:sugar_cane":3,"delightful:green_tea_leaf":1,"minecraft:birch_sapling":3,"minecraft:egg":5,"minecraft:raw_iron":9,"minecraft:stick":27,"tombstone:grave_dust":3,"minecraft:diorite":199,"minecraft:carrot":56,"minecraft:redstone":1,"regions_unexplored:purple_coneflower":35,"minecraft:arrow":2,"quark:clear_shard":49,"minecraft:rotten_flesh":21,"regions_unexplored:maple_sapling":4,"minecraft:beetroot_seeds":5,"sophisticatedbackpacks:copper_backpack":2,"supplementaries:ash":4,"minecraft:mutton":4,"minecraft:cod":1,"alexsmobs:lobster_tail":1,"minecraft:white_wool":2,"minecraft:cobblestone":1736,"minecraft:birch_log":14,"minecraft:andesite":308,"minecraft:salmon":1,"iceandfire:silver_shovel":1,"minecraft:oak_log":20,"minecraft:gunpowder":3,"minecraft:lapis_lazuli":15,"minecraft:dirt":1373,"minecraft:bone":2,"minecraft:wheat_seeds":32,"minecraft:glass_bottle":1,"minecraft:pumpkin":3,"regions_unexplored:oak_shrub":2,"minecraft:sand":254,"aquaculture:red_grouper":1,"sophisticatedbackpacks:jukebox_upgrade":1,"minecraft:spider_eye":3,"minecraft:mossy_cobblestone":18,"minecraft:granite":523,"regions_unexplored:maple_log":19,"minecraft:gray_wool":1,"minecraft:oak_sapling":1,"tombstone:magic_scroll":1,"minecraft:coal":98,"iceandfire:raw_silver":18},"minecraft:mined":{"iceandfire:silver_ore":18,"regions_unexplored:maple_planks":1,"farmersdelight:wild_carrots":15,"minecraft:granite":403,"minecraft:grass_block":475,"regions_unexplored:purple_coneflower":6,"minecraft:carrots":13,"minecraft:iron_ore":9,"regions_unexplored:mossy_stone":18,"minecraft:andesite":271,"minecraft:pumpkin":4,"treechop:chopped_log":6,"minecraft:moss_carpet":1,"regions_unexplored:medium_grass":35,"minecraft:stone":1560,"sophisticatedbackpacks:copper_backpack":1,"minecraft:crafting_table":2,"minecraft:glass":3,"minecraft:tall_grass":5,"minecraft:copper_ore":15,"minecraft:cobblestone":15,"minecraft:sugar_cane":2,"minecraft:diorite":174,"minecraft:wheat":11,"regions_unexplored:sandy_grass":8,"minecraft:grass":14,"minecraft:oak_log":1,"regions_unexplored:oak_shrub":2,"minecraft:coal_ore":86,"minecraft:beetroots":2,"minecraft:sand":260,"minecraft:dirt":878,"regions_unexplored:maple_shrub":1},"minecraft:broken":{"minecraft:stone_sword":1,"iceandfire:silver_pickaxe":2,"minecraft:wooden_pickaxe":1,"minecraft:stone_pickaxe":8,"minecraft:iron_pickaxe":1,"minecraft:stone_shovel":11},"minecraft:dropped":{"quark:clear_shard":2,"tombstone:grave_dust":2,"sophisticatedbackpacks:jukebox_upgrade":1,"minecraft:moss_carpet":4,"minecraft:rotten_flesh":2,"iceandfire:silver_shovel":1,"supplementaries:ash":4,"minecraft:andesite":38}},"DataVersion":3465}