{"stats":{"minecraft:picked_up":{"minecraft:wooden_axe":1,"minecraft:fishing_rod":1,"minecraft:crafting_table":1,"minecraft:wheat":7,"minecraft:ladder":9,"minecraft:clay_ball":192,"minecraft:potion":1,"minecraft:shield":2,"minecraft:string":174,"minecraft:raw_copper":119,"minecraft:iron_shovel":1,"minecraft:beetroot":8,"minecraft:cobbled_deepslate":507,"minecraft:bucket":1,"minecraft:oak_boat":3,"minecraft:iron_pickaxe":4,"minecraft:melon_slice":140,"minecraft:sugar_cane":3,"minecraft:birch_sapling":2,"minecraft:furnace":1,"minecraft:stick":23,"minecraft:raw_iron":78,"minecraft:oak_fence":12,"minecraft:torch":1,"minecraft:porkchop":2,"minecraft:diorite":229,"minecraft:carrot":68,"minecraft:redstone":31,"minecraft:stone_sword":3,"minecraft:arrow":27,"minecraft:cooked_cod":1,"minecraft:rotten_flesh":89,"minecraft:beetroot_seeds":23,"minecraft:saddle":1,"minecraft:mutton":8,"minecraft:cod":3,"minecraft:rail":117,"minecraft:white_wool":6,"minecraft:cobblestone":879,"minecraft:birch_log":59,"minecraft:iron_door":1,"minecraft:andesite":239,"minecraft:potato":61,"minecraft:flint":13,"minecraft:tuff":23,"minecraft:oak_log":216,"minecraft:gunpowder":10,"minecraft:lapis_lazuli":35,"minecraft:dirt":430,"minecraft:name_tag":2,"minecraft:cooked_mutton":7,"minecraft:bone":30,"minecraft:apple":2,"minecraft:wheat_seeds":26,"minecraft:raw_gold":9,"minecraft:stone_pickaxe":6,"minecraft:iron_ingot":4,"minecraft:glass_bottle":1,"minecraft:powered_rail":184,"minecraft:stone_hoe":5,"minecraft:iron_sword":1,"minecraft:oak_planks":44,"minecraft:book":120,"minecraft:dandelion":2,"minecraft:gravel":63,"minecraft:spider_eye":6,"minecraft:diamond":8,"minecraft:stone_axe":4,"minecraft:granite":82,"minecraft:bone_meal":18,"minecraft:gray_wool":1,"minecraft:oak_sapling":32,"minecraft:black_wool":1,"minecraft:coal":39,"minecraft:ender_pearl":2},"minecraft:broken":{"minecraft:iron_shovel":1,"minecraft:stone_sword":1,"minecraft:wooden_pickaxe":1,"minecraft:stone_pickaxe":5,"minecraft:wooden_sword":1,"minecraft:stone_axe":1,"minecraft:iron_sword":2,"minecraft:iron_pickaxe":5,"minecraft:wooden_axe":1},"minecraft:used":{"minecraft:stone_sword":132,"minecraft:iron_shovel":341,"minecraft:stone_shovel":107,"minecraft:ladder":68,"minecraft:chest":5,"minecraft:shield":44,"minecraft:iron_sword":446,"minecraft:stone_hoe":105,"minecraft:torch":13,"minecraft:dirt":20,"minecraft:carrot":54,"minecraft:tuff":1,"minecraft:granite":11,"minecraft:iron_hoe":128,"minecraft:wooden_axe":59,"minecraft:iron_axe":62,"minecraft:slime_block":4,"minecraft:melon_seeds":8,"minecraft:oak_sapling":1,"minecraft:furnace":2,"minecraft:cooked_cod":3,"minecraft:beetroot_seeds":8,"minecraft:potato":49,"minecraft:cobbled_deepslate":60,"minecraft:observer":18,"minecraft:wheat_seeds":7,"minecraft:cooked_mutton":2,"minecraft:water_bucket":5,"minecraft:diorite":4,"minecraft:oak_planks":11,"minecraft:stone_pickaxe":545,"minecraft:powered_rail":41,"minecraft:wooden_pickaxe":59,"minecraft:rail":120,"minecraft:crafting_table":3,"minecraft:sticky_piston":1,"minecraft:lever":1,"minecraft:melon_slice":91,"minecraft:bread":3,"minecraft:iron_pickaxe":1354,"minecraft:gravel":11,"minecraft:stone_axe":122,"minecraft:chiseled_stone_bricks":3,"minecraft:fishing_rod":8,"minecraft:wooden_sword":61,"minecraft:cobblestone":213,"minecraft:cooked_porkchop":2,"minecraft:andesite":2,"minecraft:bucket":6,"minecraft:oak_boat":3,"minecraft:bone_meal":48},"minecraft:dropped":{"minecraft:glass_bottle":1,"minecraft:ender_pearl":1,"minecraft:cobblestone":1,"minecraft:flint":5,"minecraft:dirt":24,"minecraft:wooden_axe":1,"minecraft:melon_slice":1,"minecraft:bone_meal":18,"minecraft:gravel":27,"minecraft:stone_sword":1,"minecraft:cobbled_deepslate":48,"minecraft:rotten_flesh":17,"minecraft:clay_ball":64,"minecraft:gunpowder":2},"minecraft:killed_by":{"minecraft:spider":2,"minecraft:enderman":1,"minecraft:zombie":2},"minecraft:crafted":{"minecraft:wooden_sword":1,"minecraft:oak_planks":72,"minecraft:stone_shovel":1,"minecraft:fishing_rod":1,"minecraft:furnace":1,"minecraft:bone_meal":66,"minecraft:cooked_mutton":2,"minecraft:iron_boots":1,"minecraft:iron_axe":1,"minecraft:iron_hoe":1,"minecraft:stone_pickaxe":4,"minecraft:chest":5,"minecraft:stone_hoe":1,"minecraft:cooked_cod":3,"minecraft:cooked_porkchop":2,"minecraft:crafting_table":2,"minecraft:wooden_pickaxe":1,"minecraft:iron_sword":3,"minecraft:copper_ingot":27,"minecraft:birch_planks":28,"minecraft:stone_axe":1,"minecraft:bread":2,"minecraft:air":0,"minecraft:oak_boat":2,"minecraft:iron_chestplate":1,"minecraft:charcoal":9,"minecraft:shield":1,"minecraft:stick":52,"minecraft:iron_ingot":48,"minecraft:iron_pickaxe":7,"minecraft:wooden_axe":1,"minecraft:stone_sword":1,"minecraft:iron_shovel":2,"minecraft:iron_leggings":1,"minecraft:torch":16,"minecraft:shears":1},"minecraft:custom":{"minecraft:mob_kills":120,"minecraft:interact_with_crafting_table":34,"minecraft:leave_game":11,"minecraft:time_since_death":180649,"minecraft:climb_one_cm":39705,"minecraft:sprint_one_cm":317953,"minecraft:walk_one_cm":1255576,"minecraft:damage_blocked_by_shield":1135,"minecraft:drop":26,"minecraft:play_time":334960,"minecraft:sneak_time":1575,"minecraft:deaths":6,"minecraft:walk_under_water_one_cm":16366,"minecraft:boat_one_cm":107981,"minecraft:jump":1853,"minecraft:walk_on_water_one_cm":6256,"minecraft:total_world_time":334960,"minecraft:interact_with_furnace":40,"minecraft:sleep_in_bed":3,"minecraft:time_since_rest":148866,"minecraft:damage_taken":3647,"minecraft:damage_dealt":20711,"minecraft:fly_one_cm":218417,"minecraft:open_chest":98,"minecraft:crouch_one_cm":3196,"minecraft:fish_caught":3,"minecraft:fall_one_cm":18207},"minecraft:mined":{"minecraft:tuff":22,"minecraft:oak_sapling":1,"minecraft:farmland":1,"minecraft:deepslate_diamond_ore":8,"minecraft:ladder":5,"minecraft:granite":55,"minecraft:grass_block":265,"minecraft:spawner":1,"minecraft:furnace":1,"minecraft:carrots":20,"minecraft:iron_ore":41,"minecraft:cobbled_deepslate":2,"minecraft:andesite":165,"minecraft:deepslate_lapis_ore":5,"minecraft:bookshelf":46,"minecraft:potatoes":22,"minecraft:deepslate_iron_ore":11,"minecraft:rail":26,"minecraft:stone":480,"minecraft:deepslate_redstone_ore":7,"minecraft:dandelion":2,"minecraft:clay":48,"minecraft:oak_fence":8,"minecraft:crafting_table":1,"minecraft:torch":1,"minecraft:melon":24,"minecraft:chest":1,"minecraft:tall_grass":3,"minecraft:copper_ore":27,"minecraft:cobblestone":36,"minecraft:deepslate_coal_ore":1,"minecraft:deepslate_gold_ore":9,"minecraft:sugar_cane":1,"minecraft:oak_planks":24,"minecraft:iron_door":1,"minecraft:diorite":149,"minecraft:deepslate_copper_ore":3,"minecraft:powered_rail":2,"minecraft:birch_log":34,"minecraft:wheat":7,"minecraft:birch_leaves":3,"minecraft:grass":63,"minecraft:oak_log":89,"minecraft:coal_ore":25,"minecraft:beetroots":8,"minecraft:gravel":42,"minecraft:dirt":141,"minecraft:cobweb":78,"minecraft:oak_leaves":41,"minecraft:deepslate":827},"minecraft:killed":{"minecraft:cave_spider":9,"minecraft:witch":1,"minecraft:spider":13,"minecraft:skeleton":15,"minecraft:silverfish":1,"minecraft:pig":2,"minecraft:bat":1,"minecraft:creeper":6,"minecraft:sheep":5,"minecraft:zombie":61,"minecraft:enderman":2}},"DataVersion":3465}