{"stats":{"minecraft:crafted":{"minecraft:wooden_sword":1,"minecraft:oak_planks":40,"minecraft:crafting_table":1,"minecraft:stick":10},"minecraft:mined":{"farmersdelight:wild_beetroots":1,"farmersdelight:wild_carrots":1,"biomesoplenty:lavender":1,"minecraft:grass":11,"minecraft:oak_log":10,"minecraft:sand":1,"farmersdelight:wild_cabbages":1,"biomesoplenty:sprout":1,"minecraft:oak_leaves":1,"minecraft:fern":1},"minecraft:killed_by":{"minecraft:spider":1,"alexsmobs:grizzly_bear":3},"minecraft:custom":{"minecraft:time_since_rest":345,"minecraft:sprint_one_cm":26143,"minecraft:damage_taken":1230,"minecraft:walk_one_cm":35132,"minecraft:damage_dealt":586,"minecraft:interact_with_crafting_table":1,"minecraft:fly_one_cm":38165,"minecraft:play_time":33148,"minecraft:deaths":4,"minecraft:jump":154,"minecraft:leave_game":2,"minecraft:time_since_death":306,"minecraft:walk_on_water_one_cm":183,"minecraft:total_world_time":33148,"minecraft:climb_one_cm":140,"minecraft:fall_one_cm":2510},"minecraft:picked_up":{"biomesoplenty:lavender":1,"minecraft:sandstone":4,"minecraft:sand":30,"minecraft:oak_log":10,"minecraft:carrot":1,"biomesoplenty:flowering_oak_sapling":3,"minecraft:apple":1,"minecraft:beetroot_seeds":1,"minecraft:wheat_seeds":2,"farmersdelight:cabbage":1,"minecraft:oak_sapling":4,"twigs:twig":5,"delightful:green_tea_leaf":1},"minecraft:used":{"minecraft:apple":1,"minecraft:wooden_sword":9,"minecraft:sand":2,"minecraft:crafting_table":1}},"DataVersion":3465}