{"stats":{"minecraft:killed":{"mca:male_zombie_villager":1,"minecraft:witch":2,"minecraft:spider":1,"minecraft:skeleton":3,"alexsmobs:seal":3,"minecraft:creeper":1,"minecraft:sheep":3,"minecraft:zombie":20},"minecraft:custom":{"minecraft:mob_kills":34,"minecraft:interact_with_crafting_table":38,"minecraft:leave_game":3,"minecraft:time_since_death":189693,"minecraft:sprint_one_cm":228629,"minecraft:walk_one_cm":696643,"minecraft:drop":4,"minecraft:damage_dealt_absorbed":140,"minecraft:play_time":262552,"minecraft:deaths":15,"minecraft:sneak_time":2541,"minecraft:walk_under_water_one_cm":3377,"minecraft:jump":1243,"minecraft:walk_on_water_one_cm":7476,"minecraft:total_world_time":262552,"minecraft:interact_with_furnace":61,"tombstone:raider_killed":2,"minecraft:sleep_in_bed":6,"minecraft:time_since_rest":7129,"minecraft:damage_taken":4600,"minecraft:damage_dealt":9648,"minecraft:swim_one_cm":1823,"minecraft:fly_one_cm":240493,"minecraft:open_chest":57,"minecraft:crouch_one_cm":11902,"tombstone:undead_killed":24,"minecraft:fish_caught":4,"minecraft:fall_one_cm":29306},"minecraft:crafted":{"minecraft:oak_door":3,"minecraft:oak_planks":40,"minecraft:stone_shovel":11,"minecraft:fishing_rod":1,"regions_unexplored:maple_planks":40,"minecraft:furnace":1,"minecraft:bone_meal":15,"minecraft:cooked_mutton":4,"minecraft:glass":256,"minecraft:stone_pickaxe":8,"minecraft:cooked_cod":1,"iceandfire:silver_ingot":7,"minecraft:crafting_table":2,"minecraft:wooden_pickaxe":1,"minecraft:cooked_salmon":1,"minecraft:bucket":1,"minecraft:birch_planks":56,"minecraft:air":0,"minecraft:white_wool":1,"minecraft:wooden_hoe":1,"minecraft:shield":1,"minecraft:white_dye":1,"minecraft:stick":32,"quark:oak_chest":2,"minecraft:iron_ingot":4,"minecraft:wooden_axe":1,"minecraft:stone_sword":2,"minecraft:white_bed":1,"minecraft:torch":8,"iceandfire:silver_pickaxe":1},"minecraft:used":{"minecraft:stone_sword":278,"minecraft:stone_shovel":1400,"sophisticatedbackpacks:copper_backpack":1,"minecraft:cooked_salmon":1,"minecraft:oak_door":2,"regions_unexplored:maple_planks":35,"minecraft:torch":8,"minecraft:dirt":113,"minecraft:carrot":60,"regions_unexplored:oak_shrub":1,"minecraft:glass":253,"minecraft:wooden_axe":50,"minecraft:furnace":1,"minecraft:cooked_cod":1,"minecraft:beetroot_seeds":7,"tombstone:gift":6,"minecraft:wheat_seeds":24,"minecraft:cooked_mutton":4,"minecraft:water_bucket":2,"minecraft:birch_planks":22,"minecraft:glass_bottle":2,"minecraft:stone_pickaxe":1052,"minecraft:wooden_pickaxe":70,"minecraft:sugar_cane":3,"minecraft:crafting_table":4,"minecraft:white_bed":1,"iceandfire:silver_pickaxe":93,"minecraft:wooden_hoe":57,"minecraft:bread":1,"minecraft:fishing_rod":6,"minecraft:cobblestone":5,"minecraft:potion":1,"minecraft:bucket":2,"quark:oak_chest":2,"minecraft:bone_meal":14},"minecraft:killed_by":{"minecraft:zombie":1},"minecraft:picked_up":{"minecraft:crafting_table":2,"regions_unexplored:maple_planks":1,"minecraft:string":2,"minecraft:moss_carpet":4,"minecraft:raw_copper":27,"minecraft:pufferfish":1,"minecraft:beetroot":2,"delightful:acorn":1,"regions_unexplored:maple_shrub":1,"minecraft:sugar_cane":3,"delightful:green_tea_leaf":1,"minecraft:birch_sapling":3,"minecraft:egg":5,"minecraft:raw_iron":4,"minecraft:stick":27,"tombstone:grave_dust":3,"minecraft:carrot":49,"minecraft:redstone":1,"regions_unexplored:purple_coneflower":35,"minecraft:arrow":2,"quark:clear_shard":9,"minecraft:rotten_flesh":19,"regions_unexplored:maple_sapling":4,"minecraft:beetroot_seeds":5,"sophisticatedbackpacks:copper_backpack":2,"supplementaries:ash":4,"minecraft:mutton":4,"minecraft:cod":1,"minecraft:white_wool":2,"minecraft:cobblestone":904,"minecraft:birch_log":14,"minecraft:andesite":38,"minecraft:salmon":1,"minecraft:oak_log":20,"minecraft:gunpowder":3,"minecraft:dirt":1160,"minecraft:bone":2,"minecraft:wheat_seeds":32,"minecraft:glass_bottle":1,"minecraft:pumpkin":3,"regions_unexplored:oak_shrub":2,"minecraft:sand":254,"aquaculture:red_grouper":1,"sophisticatedbackpacks:jukebox_upgrade":1,"minecraft:spider_eye":3,"minecraft:mossy_cobblestone":18,"minecraft:granite":122,"regions_unexplored:maple_log":19,"minecraft:gray_wool":1,"minecraft:oak_sapling":1,"tombstone:magic_scroll":1,"minecraft:coal":61,"iceandfire:raw_silver":7},"minecraft:mined":{"iceandfire:silver_ore":7,"regions_unexplored:maple_planks":1,"farmersdelight:wild_carrots":15,"minecraft:granite":123,"minecraft:grass_block":475,"regions_unexplored:purple_coneflower":6,"minecraft:carrots":11,"minecraft:iron_ore":4,"regions_unexplored:mossy_stone":18,"minecraft:andesite":38,"minecraft:pumpkin":4,"treechop:chopped_log":6,"minecraft:moss_carpet":1,"regions_unexplored:medium_grass":35,"minecraft:stone":933,"sophisticatedbackpacks:copper_backpack":1,"minecraft:crafting_table":2,"minecraft:glass":3,"minecraft:tall_grass":5,"minecraft:copper_ore":10,"minecraft:cobblestone":1,"minecraft:sugar_cane":2,"minecraft:wheat":11,"regions_unexplored:sandy_grass":8,"minecraft:grass":14,"minecraft:oak_log":1,"regions_unexplored:oak_shrub":2,"minecraft:coal_ore":61,"minecraft:beetroots":2,"minecraft:sand":260,"minecraft:dirt":679,"regions_unexplored:maple_shrub":1},"minecraft:broken":{"minecraft:stone_sword":1,"minecraft:wooden_pickaxe":1,"minecraft:stone_pickaxe":8,"minecraft:stone_shovel":10},"minecraft:dropped":{"tombstone:grave_dust":2,"sophisticatedbackpacks:jukebox_upgrade":1,"minecraft:moss_carpet":1,"supplementaries:ash":2}},"DataVersion":3465}