{"stats":{"minecraft:picked_up":{"minecraft:wooden_axe":1,"minecraft:birch_log":35,"minecraft:fishing_rod":1,"minecraft:crafting_table":1,"minecraft:wheat":7,"minecraft:andesite":130,"minecraft:potato":2,"minecraft:potion":1,"minecraft:oak_log":187,"minecraft:gunpowder":5,"minecraft:dirt":136,"minecraft:string":2,"minecraft:raw_copper":51,"minecraft:name_tag":2,"minecraft:cooked_mutton":6,"minecraft:bone":9,"minecraft:apple":2,"minecraft:wheat_seeds":24,"minecraft:bucket":1,"minecraft:iron_ingot":4,"minecraft:stone_pickaxe":5,"minecraft:stone_hoe":4,"minecraft:oak_planks":10,"minecraft:furnace":1,"minecraft:stick":18,"minecraft:torch":1,"minecraft:gravel":16,"minecraft:porkchop":2,"minecraft:diorite":109,"minecraft:carrot":14,"minecraft:stone_sword":3,"minecraft:arrow":3,"minecraft:rotten_flesh":60,"minecraft:stone_axe":3,"minecraft:granite":50,"minecraft:saddle":1,"minecraft:oak_sapling":22,"minecraft:mutton":2,"minecraft:cod":3,"minecraft:coal":37,"minecraft:white_wool":4,"minecraft:cobblestone":697},"minecraft:used":{"minecraft:cooked_mutton":1,"minecraft:wheat_seeds":7,"minecraft:water_bucket":3,"minecraft:diorite":1,"minecraft:stone_sword":105,"minecraft:stone_pickaxe":415,"minecraft:stone_shovel":107,"minecraft:ladder":60,"minecraft:chest":3,"minecraft:wooden_pickaxe":59,"minecraft:stone_hoe":105,"minecraft:torch":13,"minecraft:dirt":14,"minecraft:crafting_table":2,"minecraft:carrot":13,"minecraft:granite":6,"minecraft:wooden_axe":59,"minecraft:bread":2,"minecraft:melon_seeds":8,"minecraft:stone_axe":31,"minecraft:fishing_rod":8,"minecraft:wooden_sword":61,"minecraft:cobblestone":196,"minecraft:oak_sapling":1,"minecraft:furnace":2,"minecraft:cooked_porkchop":2,"minecraft:beetroot_seeds":2,"minecraft:bucket":3,"minecraft:potato":1,"minecraft:bone_meal":24},"minecraft:broken":{"minecraft:stone_pickaxe":3,"minecraft:wooden_sword":1,"minecraft:wooden_axe":1,"minecraft:wooden_pickaxe":1},"minecraft:dropped":{"minecraft:stone_sword":1,"minecraft:wooden_axe":1},"minecraft:killed_by":{"minecraft:spider":1,"minecraft:zombie":2},"minecraft:crafted":{"minecraft:wooden_sword":1,"minecraft:oak_planks":48,"minecraft:stone_shovel":1,"minecraft:fishing_rod":1,"minecraft:cooked_porkchop":2,"minecraft:crafting_table":1,"minecraft:wooden_pickaxe":1,"minecraft:furnace":1,"minecraft:copper_ingot":11,"minecraft:birch_planks":28,"minecraft:bone_meal":24,"minecraft:stone_axe":1,"minecraft:bread":2,"minecraft:cooked_mutton":2,"minecraft:air":0,"minecraft:charcoal":9,"minecraft:stick":20,"minecraft:stone_pickaxe":4,"minecraft:wooden_axe":1,"minecraft:stone_sword":1,"minecraft:chest":3,"minecraft:torch":16,"minecraft:stone_hoe":1},"minecraft:custom":{"minecraft:interact_with_furnace":18,"minecraft:mob_kills":37,"minecraft:interact_with_crafting_table":14,"minecraft:leave_game":4,"minecraft:time_since_death":5990,"minecraft:sleep_in_bed":2,"minecraft:climb_one_cm":8923,"minecraft:time_since_rest":6018,"minecraft:sprint_one_cm":96532,"minecraft:damage_taken":1305,"minecraft:walk_one_cm":402194,"minecraft:drop":2,"minecraft:damage_dealt":6012,"minecraft:fly_one_cm":130808,"minecraft:open_chest":25,"minecraft:crouch_one_cm":236,"minecraft:play_time":93846,"minecraft:deaths":4,"minecraft:sneak_time":216,"minecraft:walk_under_water_one_cm":15590,"minecraft:jump":719,"minecraft:walk_on_water_one_cm":3110,"minecraft:total_world_time":93846,"minecraft:fish_caught":3,"minecraft:fall_one_cm":7106},"minecraft:mined":{"minecraft:oak_sapling":1,"minecraft:farmland":1,"minecraft:crafting_table":1,"minecraft:torch":1,"minecraft:granite":23,"minecraft:grass_block":80,"minecraft:tall_grass":1,"minecraft:copper_ore":10,"minecraft:cobblestone":6,"minecraft:diorite":28,"minecraft:furnace":1,"minecraft:carrots":4,"minecraft:birch_log":14,"minecraft:wheat":7,"minecraft:andesite":56,"minecraft:grass":50,"minecraft:oak_log":60,"minecraft:coal_ore":25,"minecraft:gravel":5,"minecraft:dirt":41,"minecraft:stone":303,"minecraft:oak_leaves":22},"minecraft:killed":{"minecraft:pig":2,"minecraft:spider":2,"minecraft:creeper":2,"minecraft:sheep":1,"minecraft:skeleton":2,"minecraft:zombie":25}},"DataVersion":3465}