{"stats":{"minecraft:mined":{"minecraft:oak_sapling":1,"minecraft:crafting_table":1,"minecraft:torch":1,"minecraft:granite":18,"minecraft:grass_block":76,"minecraft:copper_ore":4,"minecraft:cobblestone":2,"minecraft:diorite":27,"minecraft:birch_log":14,"minecraft:andesite":24,"minecraft:grass":50,"minecraft:oak_log":60,"minecraft:coal_ore":25,"minecraft:gravel":5,"minecraft:dirt":39,"minecraft:stone":181,"minecraft:oak_leaves":22},"minecraft:crafted":{"minecraft:wooden_sword":1,"minecraft:oak_planks":40,"minecraft:stone_shovel":1,"minecraft:cooked_porkchop":2,"minecraft:crafting_table":1,"minecraft:wooden_pickaxe":1,"minecraft:furnace":1,"minecraft:copper_ingot":11,"minecraft:stone_axe":1,"minecraft:cooked_mutton":2,"minecraft:air":0,"minecraft:charcoal":9,"minecraft:stick":8,"minecraft:stone_pickaxe":2,"minecraft:wooden_axe":1,"minecraft:chest":1,"minecraft:torch":4,"minecraft:stone_hoe":1},"minecraft:killed":{"minecraft:pig":2,"minecraft:creeper":2,"minecraft:sheep":1,"minecraft:zombie":6},"minecraft:picked_up":{"minecraft:wooden_axe":1,"minecraft:birch_log":21,"minecraft:crafting_table":1,"minecraft:andesite":28,"minecraft:oak_log":105,"minecraft:gunpowder":2,"minecraft:dirt":128,"minecraft:raw_copper":11,"minecraft:cooked_mutton":2,"minecraft:apple":2,"minecraft:wheat_seeds":7,"minecraft:stone_pickaxe":1,"minecraft:stone_hoe":1,"minecraft:stick":15,"minecraft:torch":1,"minecraft:gravel":8,"minecraft:porkchop":2,"minecraft:diorite":54,"minecraft:arrow":2,"minecraft:rotten_flesh":6,"minecraft:stone_axe":1,"minecraft:granite":26,"minecraft:oak_sapling":20,"minecraft:mutton":2,"minecraft:coal":25,"minecraft:white_wool":2,"minecraft:cobblestone":280},"minecraft:used":{"minecraft:wheat_seeds":7,"minecraft:stone_shovel":107,"minecraft:stone_pickaxe":230,"minecraft:chest":1,"minecraft:wooden_pickaxe":59,"minecraft:stone_hoe":59,"minecraft:torch":5,"minecraft:dirt":13,"minecraft:crafting_table":2,"minecraft:wooden_axe":59,"minecraft:stone_axe":31,"minecraft:wooden_sword":61,"minecraft:cobblestone":60,"minecraft:oak_sapling":1,"minecraft:furnace":1,"minecraft:cooked_porkchop":2},"minecraft:dropped":{"minecraft:wooden_axe":1},"minecraft:broken":{"minecraft:stone_pickaxe":1,"minecraft:wooden_sword":1,"minecraft:wooden_axe":1,"minecraft:wooden_pickaxe":1},"minecraft:custom":{"minecraft:interact_with_furnace":12,"minecraft:mob_kills":12,"minecraft:interact_with_crafting_table":9,"minecraft:leave_game":3,"minecraft:time_since_death":2976,"minecraft:time_since_rest":3002,"minecraft:sprint_one_cm":36715,"minecraft:damage_taken":440,"minecraft:walk_one_cm":211923,"minecraft:drop":1,"minecraft:damage_dealt":2097,"minecraft:fly_one_cm":45905,"minecraft:open_chest":8,"minecraft:crouch_one_cm":8,"minecraft:play_time":53252,"minecraft:deaths":1,"minecraft:sneak_time":70,"minecraft:walk_under_water_one_cm":14835,"minecraft:jump":336,"minecraft:walk_on_water_one_cm":2294,"minecraft:total_world_time":53252,"minecraft:fall_one_cm":3177}},"DataVersion":3465}