{"stats":{"minecraft:mined":{"minecraft:oak_sapling":1,"minecraft:birch_log":14,"minecraft:andesite":19,"minecraft:crafting_table":1,"minecraft:torch":1,"minecraft:granite":5,"minecraft:grass":7,"minecraft:coal_ore":25,"minecraft:grass_block":76,"minecraft:oak_log":60,"minecraft:dirt":33,"minecraft:copper_ore":4,"minecraft:cobblestone":2,"minecraft:stone":133,"minecraft:oak_leaves":22},"minecraft:crafted":{"minecraft:wooden_sword":1,"minecraft:oak_planks":40,"minecraft:stone_shovel":1,"minecraft:charcoal":9,"minecraft:cooked_porkchop":2,"minecraft:crafting_table":1,"minecraft:stick":8,"minecraft:wooden_pickaxe":1,"minecraft:stone_pickaxe":1,"minecraft:wooden_axe":1,"minecraft:chest":1,"minecraft:furnace":1,"minecraft:copper_ingot":11,"minecraft:torch":4,"minecraft:stone_axe":1,"minecraft:air":0},"minecraft:killed":{"minecraft:sheep":1,"minecraft:zombie":3,"minecraft:pig":2,"minecraft:creeper":2},"minecraft:picked_up":{"minecraft:wooden_axe":1,"minecraft:birch_log":14,"minecraft:stick":15,"minecraft:crafting_table":1,"minecraft:andesite":18,"minecraft:torch":1,"minecraft:porkchop":2,"minecraft:oak_log":62,"minecraft:gunpowder":1,"minecraft:dirt":120,"minecraft:raw_copper":11,"minecraft:arrow":2,"minecraft:rotten_flesh":2,"minecraft:apple":2,"minecraft:wheat_seeds":2,"minecraft:granite":5,"minecraft:oak_sapling":19,"minecraft:coal":25,"minecraft:mutton":2,"minecraft:white_wool":1,"minecraft:cobblestone":130},"minecraft:used":{"minecraft:wooden_axe":59,"minecraft:stone_pickaxe":134,"minecraft:stone_shovel":99,"minecraft:wooden_pickaxe":59,"minecraft:chest":1,"minecraft:stone_axe":29,"minecraft:torch":5,"minecraft:wooden_sword":47,"minecraft:dirt":13,"minecraft:cobblestone":60,"minecraft:crafting_table":2,"minecraft:furnace":1,"minecraft:oak_sapling":1,"minecraft:cooked_porkchop":2},"minecraft:dropped":{"minecraft:wooden_axe":1},"minecraft:broken":{"minecraft:wooden_axe":1,"minecraft:wooden_pickaxe":1,"minecraft:stone_pickaxe":1},"minecraft:custom":{"minecraft:time_since_rest":41252,"minecraft:interact_with_furnace":8,"minecraft:sprint_one_cm":27045,"minecraft:damage_taken":265,"minecraft:walk_one_cm":165654,"minecraft:mob_kills":9,"minecraft:drop":1,"minecraft:damage_dealt":1499,"minecraft:interact_with_crafting_table":8,"minecraft:fly_one_cm":26200,"minecraft:open_chest":5,"minecraft:play_time":41252,"minecraft:walk_under_water_one_cm":111,"minecraft:jump":259,"minecraft:leave_game":3,"minecraft:time_since_death":41252,"minecraft:walk_on_water_one_cm":1289,"minecraft:total_world_time":41252,"minecraft:fall_one_cm":2510}},"DataVersion":3465}