{"stats":{"minecraft:picked_up":{"minecraft:wooden_axe":1,"minecraft:fishing_rod":1,"minecraft:crafting_table":1,"minecraft:wheat":7,"minecraft:ladder":9,"minecraft:potion":1,"minecraft:shield":2,"minecraft:string":153,"minecraft:raw_copper":119,"minecraft:iron_shovel":1,"minecraft:beetroot":2,"minecraft:cobbled_deepslate":127,"minecraft:bucket":1,"minecraft:iron_pickaxe":4,"minecraft:melon_slice":76,"minecraft:birch_sapling":2,"minecraft:furnace":1,"minecraft:stick":23,"minecraft:raw_iron":77,"minecraft:oak_fence":8,"minecraft:torch":1,"minecraft:porkchop":2,"minecraft:diorite":112,"minecraft:carrot":43,"minecraft:redstone":8,"minecraft:stone_sword":3,"minecraft:arrow":21,"minecraft:rotten_flesh":65,"minecraft:cooked_cod":1,"minecraft:beetroot_seeds":6,"minecraft:saddle":1,"minecraft:mutton":2,"minecraft:cod":3,"minecraft:rail":90,"minecraft:white_wool":4,"minecraft:cobblestone":749,"minecraft:birch_log":59,"minecraft:andesite":197,"minecraft:potato":25,"minecraft:flint":4,"minecraft:tuff":1,"minecraft:oak_log":216,"minecraft:gunpowder":6,"minecraft:dirt":403,"minecraft:name_tag":2,"minecraft:cooked_mutton":7,"minecraft:bone":23,"minecraft:apple":2,"minecraft:wheat_seeds":25,"minecraft:stone_pickaxe":6,"minecraft:iron_ingot":4,"minecraft:powered_rail":184,"minecraft:oak_planks":33,"minecraft:iron_sword":1,"minecraft:stone_hoe":5,"minecraft:gravel":36,"minecraft:spider_eye":3,"minecraft:stone_axe":4,"minecraft:granite":75,"minecraft:oak_sapling":32,"minecraft:coal":39,"minecraft:ender_pearl":1},"minecraft:broken":{"minecraft:iron_shovel":1,"minecraft:stone_sword":1,"minecraft:wooden_pickaxe":1,"minecraft:stone_pickaxe":5,"minecraft:wooden_sword":1,"minecraft:stone_axe":1,"minecraft:iron_sword":1,"minecraft:wooden_axe":1},"minecraft:used":{"minecraft:stone_sword":132,"minecraft:iron_shovel":250,"minecraft:stone_shovel":107,"minecraft:ladder":67,"minecraft:chest":5,"minecraft:shield":25,"minecraft:iron_sword":214,"minecraft:stone_hoe":105,"minecraft:torch":13,"minecraft:dirt":19,"minecraft:carrot":22,"minecraft:granite":11,"minecraft:iron_hoe":23,"minecraft:wooden_axe":59,"minecraft:slime_block":4,"minecraft:melon_seeds":8,"minecraft:furnace":2,"minecraft:oak_sapling":1,"minecraft:cooked_cod":2,"minecraft:beetroot_seeds":8,"minecraft:potato":24,"minecraft:cobbled_deepslate":25,"minecraft:observer":18,"minecraft:wheat_seeds":7,"minecraft:cooked_mutton":1,"minecraft:water_bucket":3,"minecraft:diorite":4,"minecraft:powered_rail":13,"minecraft:stone_pickaxe":545,"minecraft:wooden_pickaxe":59,"minecraft:rail":40,"minecraft:crafting_table":3,"minecraft:sticky_piston":1,"minecraft:lever":1,"minecraft:melon_slice":39,"minecraft:bread":3,"minecraft:iron_pickaxe":235,"minecraft:stone_axe":122,"minecraft:chiseled_stone_bricks":3,"minecraft:fishing_rod":8,"minecraft:wooden_sword":61,"minecraft:cobblestone":213,"minecraft:cooked_porkchop":2,"minecraft:bucket":3,"minecraft:andesite":2,"minecraft:bone_meal":48},"minecraft:dropped":{"minecraft:wooden_axe":1,"minecraft:melon_slice":1,"minecraft:stone_sword":1},"minecraft:killed_by":{"minecraft:spider":2,"minecraft:enderman":1,"minecraft:zombie":2},"minecraft:crafted":{"minecraft:wooden_sword":1,"minecraft:oak_planks":72,"minecraft:stone_shovel":1,"minecraft:fishing_rod":1,"minecraft:furnace":1,"minecraft:bone_meal":48,"minecraft:cooked_mutton":2,"minecraft:iron_boots":1,"minecraft:iron_axe":1,"minecraft:iron_hoe":1,"minecraft:stone_pickaxe":4,"minecraft:chest":5,"minecraft:stone_hoe":1,"minecraft:cooked_cod":3,"minecraft:cooked_porkchop":2,"minecraft:crafting_table":2,"minecraft:wooden_pickaxe":1,"minecraft:iron_sword":2,"minecraft:copper_ingot":27,"minecraft:birch_planks":28,"minecraft:stone_axe":1,"minecraft:bread":2,"minecraft:air":0,"minecraft:iron_chestplate":1,"minecraft:charcoal":9,"minecraft:shield":1,"minecraft:stick":36,"minecraft:iron_ingot":48,"minecraft:iron_pickaxe":6,"minecraft:wooden_axe":1,"minecraft:stone_sword":1,"minecraft:iron_shovel":2,"minecraft:iron_leggings":1,"minecraft:torch":16,"minecraft:shears":1},"minecraft:custom":{"minecraft:mob_kills":75,"minecraft:interact_with_crafting_table":31,"minecraft:leave_game":8,"minecraft:time_since_death":49609,"minecraft:climb_one_cm":30799,"minecraft:sprint_one_cm":134038,"minecraft:walk_one_cm":786609,"minecraft:damage_blocked_by_shield":660,"minecraft:drop":3,"minecraft:play_time":203920,"minecraft:deaths":6,"minecraft:sneak_time":646,"minecraft:walk_under_water_one_cm":15590,"minecraft:jump":1237,"minecraft:walk_on_water_one_cm":3110,"minecraft:total_world_time":203920,"minecraft:interact_with_furnace":36,"minecraft:sleep_in_bed":3,"minecraft:time_since_rest":17826,"minecraft:damage_taken":2778,"minecraft:damage_dealt":12922,"minecraft:fly_one_cm":162516,"minecraft:open_chest":61,"minecraft:crouch_one_cm":867,"minecraft:fish_caught":3,"minecraft:fall_one_cm":11631},"minecraft:mined":{"minecraft:oak_sapling":1,"minecraft:farmland":1,"minecraft:ladder":5,"minecraft:granite":48,"minecraft:grass_block":253,"minecraft:spawner":1,"minecraft:furnace":1,"minecraft:carrots":13,"minecraft:iron_ore":40,"minecraft:cobbled_deepslate":1,"minecraft:andesite":123,"minecraft:potatoes":7,"minecraft:deepslate_iron_ore":11,"minecraft:stone":327,"minecraft:deepslate_redstone_ore":2,"minecraft:oak_fence":4,"minecraft:crafting_table":1,"minecraft:torch":1,"minecraft:melon":12,"minecraft:tall_grass":2,"minecraft:copper_ore":27,"minecraft:cobblestone":35,"minecraft:deepslate_coal_ore":1,"minecraft:oak_planks":14,"minecraft:diorite":31,"minecraft:deepslate_copper_ore":3,"minecraft:powered_rail":2,"minecraft:birch_log":34,"minecraft:wheat":7,"minecraft:birch_leaves":3,"minecraft:grass":51,"minecraft:oak_log":89,"minecraft:coal_ore":25,"minecraft:beetroots":2,"minecraft:gravel":11,"minecraft:dirt":126,"minecraft:cobweb":67,"minecraft:oak_leaves":41,"minecraft:deepslate":118},"minecraft:killed":{"minecraft:cave_spider":6,"minecraft:spider":4,"minecraft:skeleton":10,"minecraft:pig":2,"minecraft:creeper":3,"minecraft:sheep":1,"minecraft:zombie":44,"minecraft:enderman":2}},"DataVersion":3465}