{"stats":{"minecraft:picked_up":{"minecraft:wooden_axe":1,"minecraft:fishing_rod":1,"minecraft:iron_chestplate":1,"minecraft:crafting_table":1,"minecraft:wheat":7,"minecraft:ladder":9,"minecraft:clay_ball":192,"minecraft:golden_pickaxe":1,"minecraft:potion":1,"minecraft:enchanted_book":1,"minecraft:stone_brick_stairs":1,"minecraft:shield":3,"minecraft:string":190,"minecraft:raw_copper":119,"minecraft:iron_axe":1,"minecraft:iron_leggings":1,"minecraft:iron_shovel":2,"minecraft:blackstone":3,"minecraft:shroomlight":1,"minecraft:beetroot":8,"minecraft:cracked_stone_bricks":1,"minecraft:cobbled_deepslate":507,"minecraft:bucket":1,"minecraft:eye_armor_trim_smithing_template":2,"minecraft:oak_boat":5,"minecraft:iron_pickaxe":6,"minecraft:melon_slice":194,"minecraft:sugar_cane":6,"minecraft:birch_sapling":2,"minecraft:furnace":1,"minecraft:iron_boots":1,"minecraft:egg":2,"minecraft:golden_helmet":1,"minecraft:stick":36,"minecraft:raw_iron":79,"minecraft:oak_fence":12,"minecraft:torch":7,"minecraft:porkchop":2,"minecraft:diorite":229,"minecraft:carrot":68,"minecraft:redstone":41,"minecraft:stone_sword":3,"minecraft:arrow":32,"minecraft:rotten_flesh":91,"minecraft:cooked_cod":1,"minecraft:beetroot_seeds":23,"minecraft:saddle":1,"minecraft:gold_ingot":2,"minecraft:obsidian":9,"minecraft:mutton":14,"minecraft:cod":3,"minecraft:rail":117,"minecraft:white_wool":8,"minecraft:cobblestone":1043,"minecraft:birch_log":59,"minecraft:magma_block":10,"minecraft:basalt":1,"minecraft:iron_door":2,"minecraft:andesite":243,"minecraft:potato":64,"minecraft:flint":13,"minecraft:tuff":23,"minecraft:oak_log":216,"minecraft:nether_wart_block":1,"minecraft:gunpowder":10,"minecraft:lapis_lazuli":35,"minecraft:dirt":470,"minecraft:name_tag":2,"minecraft:cooked_mutton":7,"minecraft:bone":36,"minecraft:apple":11,"minecraft:stone_bricks":3,"minecraft:wheat_seeds":26,"minecraft:raw_gold":9,"minecraft:soul_sand":27,"minecraft:iron_ingot":7,"minecraft:stone_pickaxe":6,"minecraft:mossy_stone_bricks":2,"minecraft:glass_bottle":1,"minecraft:powered_rail":184,"minecraft:iron_sword":2,"minecraft:stone_hoe":5,"minecraft:oak_planks":45,"minecraft:book":260,"minecraft:quartz":6,"minecraft:dandelion":2,"minecraft:gravel":63,"minecraft:sand":4,"minecraft:crying_obsidian":1,"minecraft:spider_eye":6,"minecraft:iron_hoe":1,"minecraft:diamond":8,"minecraft:stone_axe":4,"minecraft:granite":82,"minecraft:bone_meal":36,"minecraft:warped_nylium":1,"minecraft:gray_wool":2,"minecraft:warped_roots":3,"minecraft:bread":4,"minecraft:oak_sapling":32,"minecraft:netherrack":29,"minecraft:black_wool":2,"minecraft:coal":79,"minecraft:ender_pearl":4},"minecraft:broken":{"minecraft:iron_shovel":1,"minecraft:stone_sword":1,"minecraft:wooden_pickaxe":1,"minecraft:stone_pickaxe":5,"minecraft:wooden_sword":1,"minecraft:stone_axe":1,"minecraft:iron_sword":2,"minecraft:iron_pickaxe":5,"minecraft:wooden_axe":1},"minecraft:used":{"minecraft:stone_sword":132,"minecraft:iron_shovel":413,"minecraft:flint_and_steel":1,"minecraft:stone_shovel":107,"minecraft:ladder":68,"minecraft:chest":5,"minecraft:shield":56,"minecraft:iron_sword":527,"minecraft:stone_hoe":105,"minecraft:netherrack":29,"minecraft:torch":19,"minecraft:dirt":21,"minecraft:carrot":54,"minecraft:obsidian":9,"minecraft:tuff":1,"minecraft:polished_diorite":24,"minecraft:granite":11,"minecraft:wooden_axe":59,"minecraft:iron_hoe":129,"minecraft:lava_bucket":7,"minecraft:bookshelf":37,"minecraft:iron_axe":68,"minecraft:slime_block":4,"minecraft:melon_seeds":8,"minecraft:stone_bricks":2,"minecraft:magma_block":1,"minecraft:oak_sapling":1,"minecraft:furnace":2,"minecraft:cooked_cod":3,"minecraft:beetroot_seeds":8,"minecraft:potato":50,"minecraft:cobbled_deepslate":60,"minecraft:observer":18,"minecraft:cooked_mutton":2,"minecraft:wheat_seeds":7,"minecraft:water_bucket":8,"minecraft:diorite":4,"minecraft:oak_planks":92,"minecraft:stone_pickaxe":545,"minecraft:powered_rail":41,"minecraft:wooden_pickaxe":59,"minecraft:rail":120,"minecraft:sand":2,"minecraft:crafting_table":3,"minecraft:sticky_piston":1,"minecraft:lever":1,"minecraft:diamond_pickaxe":38,"minecraft:melon_slice":112,"minecraft:bread":3,"minecraft:iron_pickaxe":1445,"minecraft:gravel":11,"minecraft:stone_axe":122,"minecraft:chiseled_stone_bricks":3,"minecraft:fishing_rod":8,"minecraft:wooden_sword":61,"minecraft:cobblestone":259,"minecraft:cooked_porkchop":2,"minecraft:andesite":2,"minecraft:bucket":16,"minecraft:oak_boat":4,"minecraft:bone_meal":48},"minecraft:dropped":{"minecraft:glass_bottle":1,"minecraft:ender_pearl":1,"minecraft:cobblestone":1,"minecraft:flint":5,"minecraft:dirt":24,"minecraft:wooden_axe":1,"minecraft:melon_slice":1,"minecraft:bone_meal":18,"minecraft:string":28,"minecraft:gravel":27,"minecraft:stone_sword":1,"minecraft:cobbled_deepslate":48,"minecraft:rotten_flesh":17,"minecraft:clay_ball":128,"minecraft:gunpowder":2,"minecraft:andesite":4,"minecraft:mossy_stone_bricks":2},"minecraft:killed_by":{"minecraft:spider":2,"minecraft:enderman":1,"minecraft:zombie":3},"minecraft:crafted":{"minecraft:wooden_sword":1,"minecraft:oak_planks":328,"minecraft:stone_shovel":1,"minecraft:fishing_rod":1,"minecraft:furnace":1,"minecraft:bone_meal":66,"minecraft:bookshelf":45,"minecraft:cooked_mutton":2,"minecraft:flint_and_steel":1,"minecraft:iron_boots":1,"minecraft:polished_diorite":24,"minecraft:iron_axe":1,"minecraft:iron_hoe":1,"minecraft:stone_pickaxe":4,"minecraft:chest":5,"minecraft:stone_hoe":1,"minecraft:cooked_cod":3,"minecraft:cooked_porkchop":2,"minecraft:crafting_table":2,"minecraft:wooden_pickaxe":1,"minecraft:baked_potato":4,"minecraft:iron_sword":3,"minecraft:copper_ingot":27,"minecraft:birch_planks":124,"minecraft:stone_axe":1,"minecraft:bread":2,"minecraft:air":0,"minecraft:oak_boat":2,"minecraft:iron_chestplate":1,"minecraft:charcoal":9,"minecraft:shield":1,"minecraft:stick":52,"minecraft:iron_ingot":52,"minecraft:iron_pickaxe":7,"minecraft:wooden_axe":1,"minecraft:stone_sword":1,"minecraft:iron_leggings":1,"minecraft:iron_shovel":2,"minecraft:gold_ingot":9,"minecraft:torch":16,"minecraft:shears":1},"minecraft:custom":{"minecraft:mob_kills":135,"minecraft:interact_with_crafting_table":40,"minecraft:leave_game":13,"minecraft:time_since_death":48131,"minecraft:climb_one_cm":42703,"minecraft:sprint_one_cm":364148,"minecraft:walk_one_cm":1433495,"minecraft:damage_blocked_by_shield":1480,"minecraft:drop":32,"minecraft:play_time":389363,"minecraft:sneak_time":2665,"minecraft:deaths":7,"minecraft:walk_under_water_one_cm":17546,"minecraft:boat_one_cm":292110,"minecraft:jump":2215,"minecraft:walk_on_water_one_cm":7754,"minecraft:total_world_time":389363,"minecraft:interact_with_furnace":45,"minecraft:sleep_in_bed":3,"minecraft:time_since_rest":48155,"minecraft:damage_taken":4215,"minecraft:damage_dealt":23658,"minecraft:fly_one_cm":436160,"minecraft:open_chest":128,"minecraft:crouch_one_cm":7802,"minecraft:fish_caught":3,"minecraft:fall_one_cm":25226},"minecraft:mined":{"minecraft:crying_obsidian":1,"minecraft:tuff":22,"minecraft:oak_sapling":1,"minecraft:farmland":1,"minecraft:deepslate_diamond_ore":8,"minecraft:obsidian":9,"minecraft:ladder":5,"minecraft:granite":55,"minecraft:grass_block":309,"minecraft:spawner":1,"minecraft:weeping_vines_plant":1,"minecraft:magma_block":9,"minecraft:carrots":20,"minecraft:furnace":1,"minecraft:fire":2,"minecraft:iron_ore":41,"minecraft:cobbled_deepslate":2,"minecraft:andesite":167,"minecraft:deepslate_lapis_ore":5,"minecraft:bookshelf":50,"minecraft:potatoes":23,"minecraft:shroomlight":1,"minecraft:deepslate_iron_ore":11,"minecraft:rail":26,"minecraft:stone":523,"minecraft:deepslate_redstone_ore":7,"minecraft:blackstone":3,"minecraft:soul_sand":27,"minecraft:crimson_nylium":1,"minecraft:basalt":1,"minecraft:dandelion":2,"minecraft:clay":48,"minecraft:oak_fence":8,"minecraft:crafting_table":1,"minecraft:torch":1,"minecraft:warped_roots":3,"minecraft:melon":29,"minecraft:chest":1,"minecraft:nether_quartz_ore":6,"minecraft:copper_ore":27,"minecraft:tall_grass":3,"minecraft:cobblestone":36,"minecraft:deepslate_coal_ore":1,"minecraft:oak_planks":25,"minecraft:deepslate_gold_ore":9,"minecraft:sugar_cane":1,"minecraft:iron_door":1,"minecraft:wall_torch":8,"minecraft:diorite":152,"minecraft:deepslate_copper_ore":3,"minecraft:powered_rail":2,"minecraft:nether_wart_block":1,"minecraft:birch_log":34,"minecraft:wheat":7,"minecraft:birch_leaves":3,"minecraft:stone_brick_stairs":1,"minecraft:grass":63,"minecraft:oak_log":89,"minecraft:coal_ore":45,"minecraft:beetroots":8,"minecraft:gravel":42,"minecraft:sand":5,"minecraft:dirt":144,"minecraft:cobweb":78,"minecraft:cracked_stone_bricks":2,"minecraft:stone_bricks":6,"minecraft:netherrack":16,"minecraft:mossy_stone_bricks":4,"minecraft:oak_leaves":41,"minecraft:deepslate":827},"minecraft:killed":{"minecraft:cave_spider":9,"minecraft:witch":1,"minecraft:spider":14,"minecraft:skeleton":19,"minecraft:silverfish":1,"minecraft:pig":2,"minecraft:zombie_villager":1,"minecraft:bat":1,"minecraft:creeper":6,"minecraft:sheep":5,"minecraft:zombie":65,"minecraft:enderman":4}},"DataVersion":3465}