{"stats":{"minecraft:killed_by":{"minecraft:zombified_piglin":1,"minecraft:zombie":1,"minecraft:slime":1},"minecraft:dropped":{"minecraft:iron_sword":2,"minecraft:piston":1,"minecraft:flint":5,"minecraft:dirt":202,"regions_unexplored:purple_coneflower":3,"minecraft:gold_nugget":3,"minecraft:amethyst_shard":6,"regions_unexplored:maple_log":1,"minecraft:iron_pickaxe":1,"minecraft:white_wool":1,"minecraft:gravel":112,"minecraft:note_block":2,"minecraft:sugar_cane":1,"minecraft:ancient_debris":2,"minecraft:detector_rail":2,"minecraft:cobbled_deepslate":2,"minecraft:wheat":7,"minecraft:rotten_flesh":19,"regions_unexplored:maple_sapling":7,"minecraft:diamond_shovel":1,"iceandfire:silver_shovel":1,"minecraft:cooked_mutton":1,"minecraft:white_bed":1,"minecraft:salmon":14,"supplementaries:ash":4,"iceandfire:silver_pickaxe":1,"minecraft:wheat_seeds":2,"regions_unexplored:maple_shrub":2,"minecraft:oak_fence":12,"minecraft:cobblestone":954,"minecraft:andesite_wall":2,"minecraft:observer":2,"minecraft:amethyst_block":5,"minecraft:granite":173,"minecraft:grass_block":1,"minecraft:coal":1,"regions_unexplored:red_maple_sapling":4,"quark:clear_shard":11,"minecraft:ink_sac":1,"minecraft:wooden_hoe":1,"minecraft:torch":2,"minecraft:wooden_axe":1,"tombstone:grave_dust":5,"delightful:acorn":1,"sophisticatedbackpacks:jukebox_upgrade":1,"minecraft:string":13,"minecraft:acacia_planks":2,"minecraft:redstone":1,"minecraft:moss_carpet":4,"minecraft:sticky_piston":1,"minecraft:slime_block":1,"regions_unexplored:hyssop":2,"minecraft:spruce_fence":1,"minecraft:shroomlight":1,"minecraft:stone":68,"minecraft:dead_tube_coral_fan":1,"minecraft:andesite":131,"minecraft:oak_sapling":8,"minecraft:barrel":2},"minecraft:mined":{"regions_unexplored:yellow_bioshroom_block":2,"minecraft:white_bed":1,"regions_unexplored:maple_planks":1,"minecraft:red_nether_bricks":8,"minecraft:granite":884,"minecraft:budding_amethyst":3,"minecraft:grass_block":522,"regions_unexplored:purple_coneflower":19,"minecraft:nether_wart":2,"minecraft:polished_blackstone_bricks":2,"regions_unexplored:stone_bud":16,"minecraft:red_nether_brick_stairs":1,"minecraft:iron_ore":148,"minecraft:fire":6,"minecraft:cobbled_deepslate":1,"regions_unexplored:mossy_stone":18,"minecraft:pumpkin":4,"minecraft:moss_carpet":1,"minecraft:nether_brick_stairs":2,"diagonalfences:minecraft/spruce_fence":1,"minecraft:oak_stairs":1,"sophisticatedbackpacks:copper_backpack":1,"minecraft:deepslate_redstone_ore":7,"minecraft:amethyst_cluster":5,"minecraft:torch":3,"diagonalfences:minecraft/oak_fence":1,"minecraft:calcite":25,"galosphere:silver_ore":16,"minecraft:glass":4,"minecraft:cobblestone":172,"minecraft:sugar_cane":92,"minecraft:oak_planks":1,"minecraft:amethyst_block":8,"regions_unexplored:glister_bulb":1,"biomesoplenty:hair":1,"minecraft:wheat":247,"minecraft:lava_cauldron":4,"minecraft:tnt":1,"minecraft:grass":81,"regions_unexplored:oak_shrub":2,"minecraft:oak_log":10,"minecraft:beetroots":7,"minecraft:sand":540,"minecraft:dirt":957,"minecraft:smooth_basalt":28,"minecraft:piston":1,"minecraft:oak_leaves":11,"minecraft:deepslate":131,"minecraft:diamond_ore":5,"minecraft:tuff":1,"iceandfire:silver_ore":31,"farmersdelight:wild_carrots":16,"minecraft:nether_bricks":30,"minecraft:ladder":2,"minecraft:spruce_leaves":1,"regions_unexplored:raw_redstone_block":18,"minecraft:cracked_nether_bricks":3,"minecraft:redstone_ore":7,"minecraft:carrots":72,"minecraft:andesite":672,"treechop:chopped_log":52,"minecraft:deepslate_iron_ore":4,"minecraft:cobblestone_slab":5,"minecraft:wet_sponge":2,"regions_unexplored:medium_grass":97,"minecraft:stone":5165,"minecraft:bone_block":8,"minecraft:smithing_table":1,"minecraft:chiseled_nether_bricks":1,"minecraft:soul_sand":4,"minecraft:crafting_table":3,"minecraft:sponge":5,"minecraft:tall_grass":7,"minecraft:copper_ore":51,"minecraft:lapis_ore":15,"regions_unexplored:daisy":1,"minecraft:diorite":442,"supplementaries:urn":3,"regions_unexplored:redstone_bud":1,"minecraft:sweet_berry_bush":1,"minecraft:gray_bed":1,"minecraft:mangrove_planks":1,"regions_unexplored:sandy_grass":10,"minecraft:coal_ore":225,"minecraft:gravel":94,"minecraft:cobweb":7,"minecraft:acacia_planks":1,"regions_unexplored:maple_shrub":1,"minecraft:gold_ore":10,"minecraft:fern":2},"minecraft:custom":{"minecraft:animals_bred":10,"minecraft:interact_with_crafting_table":142,"minecraft:open_barrel":75,"goblintraders:trade_with_goblin":93,"minecraft:leave_game":25,"minecraft:time_since_death":4602,"minecraft:sprint_one_cm":937823,"minecraft:damage_blocked_by_shield":5160,"minecraft:drop":189,"minecraft:play_time":1324453,"minecraft:deaths":36,"minecraft:jump":7076,"minecraft:walk_on_water_one_cm":173081,"minecraft:enchant_item":10,"minecraft:interact_with_furnace":208,"minecraft:sleep_in_bed":18,"minecraft:waystone_activated":2,"minecraft:damage_dealt":51289,"minecraft:crouch_one_cm":83891,"tombstone:undead_killed":141,"minecraft:interact_with_smithing_table":1,"minecraft:interact_with_anvil":1,"minecraft:mob_kills":252,"minecraft:inspect_hopper":4,"minecraft:damage_dealt_resisted":285,"minecraft:climb_one_cm":83389,"minecraft:walk_one_cm":3810124,"minecraft:damage_dealt_absorbed":380,"minecraft:sneak_time":24227,"minecraft:walk_under_water_one_cm":119236,"minecraft:boat_one_cm":69596,"minecraft:total_world_time":1324453,"tombstone:raider_killed":3,"minecraft:tune_noteblock":16,"minecraft:time_since_rest":3999,"minecraft:damage_taken":15617,"minecraft:trigger_trapped_chest":1,"minecraft:swim_one_cm":9120,"minecraft:fly_one_cm":1375866,"minecraft:open_chest":678,"minecraft:fish_caught":4,"minecraft:fall_one_cm":128400},"minecraft:crafted":{"minecraft:oak_planks":280,"minecraft:cobblestone_slab":384,"quark:birch_chest":1,"regions_unexplored:maple_planks":172,"minecraft:cooked_chicken":1,"iceandfire:silver_shovel":1,"minecraft:stone":409,"minecraft:cracked_stone_bricks":4,"delightful:roasted_acorn":1,"minecraft:cooked_mutton":7,"minecraft:glass":394,"minecraft:iron_boots":2,"explorerscompass:explorerscompass":1,"galosphere:silver_ingot":23,"iceandfire:copper_pickaxe":1,"minecraft:stone_bricks":20,"minecraft:oak_fence":81,"iceandfire:silver_axe":1,"minecraft:dropper":1,"minecraft:emerald":63,"minecraft:crafting_table":4,"minecraft:spruce_planks":36,"minecraft:iron_helmet":2,"minecraft:wooden_pickaxe":1,"minecraft:baked_potato":52,"minecraft:copper_ingot":124,"minecraft:birch_planks":56,"minecraft:wooden_hoe":1,"minecraft:iron_chestplate":2,"minecraft:paper":93,"minecraft:shield":2,"quark:oak_chest":6,"minecraft:stick":320,"minecraft:stone_slab":6,"minecraft:iron_ingot":175,"minecraft:compass":2,"minecraft:iron_pickaxe":7,"minecraft:iron_block":4,"minecraft:stone_sword":2,"minecraft:gold_ingot":5,"minecraft:shears":2,"minecraft:oak_door":3,"minecraft:stone_shovel":11,"minecraft:fishing_rod":1,"minecraft:beehive":2,"minecraft:furnace":4,"minecraft:bone_meal":30,"minecraft:spruce_fence":18,"minecraft:ladder":44,"minecraft:stone_pickaxe":8,"iceandfire:armor_silver_metal_boots":1,"minecraft:cooked_cod":1,"iceandfire:silver_ingot":35,"minecraft:iron_sword":3,"minecraft:cooked_salmon":1,"minecraft:bucket":1,"minecraft:air":0,"minecraft:bread":18,"aether:iron_gloves":1,"minecraft:oak_fence_gate":1,"minecraft:oak_boat":4,"iceandfire:armor_silver_metal_helmet":1,"minecraft:white_wool":1,"minecraft:white_dye":1,"minecraft:wooden_axe":1,"minecraft:iron_leggings":2,"minecraft:anvil":1,"minecraft:white_bed":1,"minecraft:torch":72,"iceandfire:silver_pickaxe":12,"iceandfire:silver_hoe":1},"minecraft:killed":{"alexsmobs:lobster":4,"minecraft:zombified_piglin":4,"minecraft:witch":3,"minecraft:spider":22,"kobolds:kobold_rascal":1,"minecraft:skeleton":30,"minecraft:chicken":1,"minecraft:magma_cube":8,"minecraft:pig":2,"alexsmobs:grizzly_bear":1,"alexsmobs:seal":6,"mutantmonsters:mutant_skeleton":1,"minecraft:creeper":6,"alexsmobs:crimson_mosquito":3,"minecraft:sheep":7,"minecraft:zombie":94,"minecraft:blaze":17,"minecraft:cow":1,"mca:male_zombie_villager":2,"alexsmobs:raccoon":2,"alexsmobs:seagull":1,"minecraft:slime":8,"cataclysm:lionfish":1,"goblintraders:goblin_trader":2,"autumnity:turkey":2,"cataclysm:deepling_angler":1,"minecraft:wither_skeleton":10,"minecraft:enderman":7},"minecraft:broken":{"minecraft:iron_chestplate":1,"minecraft:iron_leggings":1,"iceandfire:silver_pickaxe":11,"minecraft:stone_pickaxe":8,"minecraft:iron_sword":2,"iceandfire:armor_silver_metal_boots":1,"iceandfire:silver_shovel":1,"minecraft:stone_shovel":11,"minecraft:stone_sword":2,"minecraft:flint_and_steel":3,"aether:iron_gloves":1,"minecraft:wooden_pickaxe":1,"iceandfire:armor_silver_metal_helmet":1,"minecraft:shield":2,"minecraft:iron_pickaxe":6},"minecraft:used":{"stalwart_dungeons:iron_hammer":1,"minecraft:dead_tube_coral_fan":1,"minecraft:ladder":156,"sophisticatedbackpacks:copper_backpack":1,"minecraft:chest":35,"minecraft:shield":175,"minecraft:stone":269,"minecraft:iron_sword":780,"minecraft:red_nether_brick_stairs":1,"minecraft:nether_bricks":41,"minecraft:carrot":231,"minecraft:tuff":12,"minecraft:beehive":2,"minecraft:obsidian":13,"minecraft:glass":351,"alexsmobs:lobster_tail":1,"minecraft:grass_block":1,"minecraft:iron_helmet":1,"iceandfire:copper_pickaxe":267,"minecraft:slime_spawn_egg":4,"minecraft:magma_block":1,"supplementaries:ash":1,"minecraft:furnace":5,"minecraft:cooked_cod":1,"minecraft:beetroot_seeds":7,"minecraft:egg":2,"minecraft:potato":21,"minecraft:diorite":325,"minecraft:cow_spawn_egg":2,"minecraft:stone_pickaxe":1052,"minecraft:wooden_pickaxe":70,"minecraft:redstone_block":19,"minecraft:sugar_cane":32,"minecraft:sponge":7,"iceandfire:silver_axe":113,"minecraft:note_block":1,"minecraft:shears":16,"iceandfire:silver_pickaxe":5095,"minecraft:sticky_piston":1,"waystones:waystone":1,"minecraft:bread":17,"minecraft:gravel":24,"minecraft:andesite":98,"minecraft:oak_boat":10,"minecraft:bone_meal":16,"minecraft:experience_bottle":68,"minecraft:oak_fence":61,"minecraft:iron_bars":13,"minecraft:enchanting_table":1,"quark:birch_chest":1,"minecraft:stone_sword":284,"minecraft:flint_and_steel":216,"minecraft:carved_pumpkin":2,"minecraft:stone_shovel":1459,"minecraft:cooked_salmon":1,"minecraft:cooked_chicken":1,"minecraft:oak_door":2,"regions_unexplored:maple_planks":35,"minecraft:bee_spawn_egg":23,"minecraft:torch":341,"minecraft:dirt":803,"minecraft:anvil":1,"minecraft:ancient_debris":3,"minecraft:hopper":32,"minecraft:bee_nest":8,"minecraft:granite":158,"minecraft:spruce_fence":18,"minecraft:nether_brick_stairs":2,"minecraft:oak_fence_gate":1,"minecraft:andesite_wall":1,"regions_unexplored:oak_shrub":1,"minecraft:shroomlight":4,"delightful:roasted_acorn":1,"minecraft:wooden_axe":52,"minecraft:iron_block":68,"minecraft:iron_axe":185,"minecraft:slime_block":11,"minecraft:spawner":4,"minecraft:smooth_basalt":6,"minecraft:minecart":1,"tombstone:gift":10,"minecraft:cobbled_deepslate":15,"minecraft:observer":4,"minecraft:calcite":24,"goldenfoods:golden_cooked_beef":1,"minecraft:wheat_seeds":391,"minecraft:cooked_mutton":7,"minecraft:water_bucket":40,"minecraft:amethyst_block":9,"minecraft:birch_planks":25,"minecraft:lead":3,"minecraft:glass_bottle":2,"minecraft:red_nether_bricks":8,"minecraft:baked_potato":31,"minecraft:andesite_slab":2,"minecraft:cobblestone_slab":825,"minecraft:tnt":284,"minecraft:crafting_table":7,"minecraft:campfire":33,"minecraft:white_bed":2,"minecraft:piston":9,"minecraft:wooden_hoe":57,"minecraft:diamond_shovel":118,"minecraft:iron_pickaxe":1755,"minecraft:detector_rail":2,"minecraft:stone_slab":6,"minecraft:fishing_rod":6,"iceandfire:silver_hoe":242,"minecraft:cobblestone":1393,"minecraft:potion":1,"minecraft:bucket":20,"quark:oak_chest":6,"iceandfire:silver_shovel":462},"minecraft:picked_up":{"regions_unexplored:pointed_redstone":1,"minecraft:iron_chestplate":1,"minecraft:wheat":289,"minecraft:redstone_block":7,"minecraft:lead":19,"minecraft:smithing_table":1,"minecraft:oak_stairs":1,"regions_unexplored:maple_planks":1,"minecraft:amethyst_block":24,"minecraft:string":36,"minecraft:raw_copper":288,"mutantmonsters:mutant_skeleton_skull":1,"minecraft:red_nether_bricks":8,"minecraft:pufferfish":1,"minecraft:beetroot":4,"minecraft:activator_rail":2,"alexsmobs:blood_sac":1,"minecraft:gold_nugget":6,"minecraft:cobbled_deepslate":352,"minecraft:bucket":1,"delightful:acorn":8,"regions_unexplored:maple_shrub":3,"minecraft:cobblestone_slab":12,"minecraft:calcite":33,"minecraft:iron_pickaxe":2,"delightful:green_tea_leaf":9,"wstweaks:fragment":14,"minecraft:furnace":1,"minecraft:stick":109,"minecraft:oak_fence":1,"minecraft:torch":20,"minecraft:porkchop":2,"regions_unexplored:raw_redstone_block":18,"tombstone:grave_dust":26,"minecraft:diorite":563,"minecraft:chiseled_nether_bricks":1,"minecraft:cauldron":4,"mutantmonsters:mutant_skeleton_pelvis":1,"minecraft:andesite_wall":1,"quark:clear_shard":75,"minecraft:rotten_flesh":118,"supplementaries:ash":13,"autumnity:turkey":2,"minecraft:blaze_rod":8,"mutantmonsters:mutant_skeleton_shoulder_pad":1,"minecraft:cod":1,"alexsmobs:lobster_tail":1,"minecraft:cobblestone":7037,"minecraft:sponge":5,"minecraft:birch_log":19,"minecraft:magma_block":1,"minecraft:feather":4,"minecraft:magma_cream":1,"minecraft:andesite":1045,"minecraft:brown_wool":4,"minecraft:flint":27,"minecraft:tuff":21,"minecraft:lapis_lazuli":127,"minecraft:dirt":2769,"minecraft:bone":59,"minecraft:acacia_planks":2,"minecraft:wheat_seeds":662,"minecraft:raw_gold":10,"minecraft:diamond_helmet":1,"minecraft:powered_rail":16,"galosphere:raw_silver":23,"minecraft:honeycomb":24,"minecraft:oak_planks":1,"minecraft:sand":521,"minecraft:nether_brick_stairs":2,"minecraft:ink_sac":5,"sophisticatedbackpacks:jukebox_upgrade":1,"minecraft:grass_block":2,"minecraft:barrel":2,"minecraft:mossy_cobblestone":18,"cataclysm:lionfish":1,"minecraft:bundle":3,"regions_unexplored:glister_bulb":1,"regions_unexplored:hyssop":2,"minecraft:sugar":3,"minecraft:diamond":5,"waystones:waystone":1,"minecraft:granite":1600,"minecraft:bread":5,"minecraft:oak_sapling":28,"minecraft:oak_leaves":11,"minecraft:andesite_slab":1,"iceandfire:raw_silver":35,"minecraft:spruce_leaves":1,"minecraft:fishing_rod":1,"minecraft:charcoal":2,"minecraft:crafting_table":4,"minecraft:nether_wart":4,"iceandfire:witherbone":5,"minecraft:chicken":1,"minecraft:ladder":19,"minecraft:shield":1,"minecraft:moss_carpet":4,"minecraft:flint_and_steel":6,"minecraft:detector_rail":1,"minecraft:beef":2,"minecraft:oak_boat":10,"minecraft:observer":1,"minecraft:iron_nugget":6,"minecraft:sugar_cane":141,"minecraft:birch_sapling":6,"minecraft:piston":1,"minecraft:egg":17,"minecraft:raw_iron":181,"minecraft:stone":195,"sophisticatedbackpacks:backpack":1,"minecraft:spruce_fence":1,"minecraft:note_block":1,"minecraft:polished_blackstone_bricks":2,"minecraft:carrot":322,"minecraft:redstone":75,"regions_unexplored:purple_coneflower":69,"minecraft:tnt":1,"minecraft:arrow":42,"regions_unexplored:redstone_bulb":1,"regions_unexplored:maple_sapling":15,"minecraft:beetroot_seeds":15,"minecraft:nether_bricks":29,"mutantmonsters:mutant_skeleton_rib":3,"minecraft:gold_ingot":1,"tombstone:essence_of_undeath":2,"sophisticatedbackpacks:copper_backpack":3,"minecraft:mutton":12,"minecraft:bone_block":6,"minecraft:rail":4,"minecraft:white_wool":4,"minecraft:wet_sponge":2,"minecraft:salmon":15,"minecraft:leather":1,"iceandfire:silver_shovel":1,"minecraft:oak_log":120,"regions_unexplored:red_maple_sapling":4,"minecraft:ancient_debris":1,"minecraft:gunpowder":5,"minecraft:wooden_hoe":1,"mutantmonsters:mutant_skeleton_limb":8,"minecraft:cooked_mutton":1,"minecraft:red_nether_brick_stairs":1,"minecraft:apple":4,"minecraft:kelp":18,"minecraft:iron_ingot":2,"minecraft:cobweb":12,"tombstone:bag_of_seeds":1,"minecraft:glass_bottle":1,"minecraft:gray_bed":1,"minecraft:mangrove_planks":1,"minecraft:iron_sword":3,"minecraft:soul_sand":4,"minecraft:smooth_basalt":39,"minecraft:pumpkin":3,"minecraft:sweet_berries":3,"minecraft:cracked_nether_bricks":3,"regions_unexplored:oak_shrub":2,"minecraft:gravel":182,"minecraft:amethyst_shard":10,"aquaculture:red_grouper":1,"minecraft:spruce_sapling":2,"minecraft:white_bed":3,"minecraft:spruce_log":40,"minecraft:spider_eye":14,"iceandfire:silver_pickaxe":1,"minecraft:diamond_shovel":1,"minecraft:slime_ball":331,"regions_unexplored:fireweed":4,"minecraft:iron_helmet":1,"regions_unexplored:maple_log":62,"minecraft:gray_wool":2,"tombstone:magic_scroll":3,"minecraft:coal":294,"minecraft:ender_pearl":3,"minecraft:wooden_axe":1}},"DataVersion":3465}