{"stats":{"minecraft:picked_up":{"minecraft:birch_log":7,"minecraft:stick":15,"regions_unexplored:oak_shrub":1,"minecraft:oak_log":10,"minecraft:carrot":9,"minecraft:mossy_cobblestone":8,"minecraft:moss_carpet":1,"regions_unexplored:maple_sapling":3,"minecraft:wheat_seeds":2,"delightful:acorn":1,"regions_unexplored:maple_log":10,"supplementaries:ash":1,"minecraft:oak_sapling":1,"minecraft:birch_sapling":2,"minecraft:cobblestone":2},"minecraft:crafted":{"minecraft:oak_planks":4,"minecraft:crafting_table":1,"minecraft:wooden_pickaxe":1,"minecraft:wooden_axe":1,"minecraft:stone_pickaxe":1,"minecraft:stone_sword":2,"minecraft:birch_planks":28},"minecraft:mined":{"farmersdelight:wild_carrots":9,"regions_unexplored:mossy_stone":8,"treechop:chopped_log":3,"regions_unexplored:sandy_grass":1,"minecraft:grass":3,"regions_unexplored:oak_shrub":1,"minecraft:oak_log":1,"regions_unexplored:medium_grass":6,"minecraft:stone":2},"minecraft:custom":{"minecraft:time_since_rest":997,"minecraft:sprint_one_cm":23507,"minecraft:damage_taken":1630,"minecraft:walk_one_cm":51099,"minecraft:damage_dealt":1834,"minecraft:interact_with_crafting_table":4,"minecraft:fly_one_cm":27347,"minecraft:play_time":24344,"minecraft:deaths":5,"minecraft:jump":157,"minecraft:time_since_death":1133,"minecraft:total_world_time":24344,"minecraft:fall_one_cm":3981},"minecraft:used":{"regions_unexplored:oak_shrub":1,"minecraft:wooden_axe":17,"minecraft:stone_sword":45,"minecraft:birch_planks":17,"minecraft:wooden_pickaxe":21,"minecraft:crafting_table":1,"minecraft:carrot":5,"tombstone:gift":2}},"DataVersion":3465}