{"stats":{"minecraft:broken":{"minecraft:stone_sword":1,"minecraft:flint_and_steel":2,"iceandfire:silver_pickaxe":10,"minecraft:wooden_pickaxe":1,"minecraft:stone_pickaxe":8,"minecraft:iron_pickaxe":1,"iceandfire:silver_shovel":1,"minecraft:stone_shovel":11},"minecraft:dropped":{"minecraft:iron_sword":2,"minecraft:cobblestone":407,"minecraft:granite":58,"minecraft:grass_block":1,"quark:clear_shard":2,"minecraft:torch":2,"minecraft:wooden_hoe":1,"minecraft:wooden_axe":1,"tombstone:grave_dust":2,"sophisticatedbackpacks:jukebox_upgrade":1,"minecraft:gravel":70,"minecraft:moss_carpet":4,"minecraft:rotten_flesh":2,"iceandfire:silver_shovel":1,"supplementaries:ash":4,"minecraft:andesite":127},"minecraft:killed":{"alexsmobs:lobster":4,"mca:male_zombie_villager":1,"minecraft:witch":2,"minecraft:spider":6,"minecraft:slime":2,"minecraft:skeleton":10,"goblintraders:goblin_trader":2,"alexsmobs:seal":3,"minecraft:creeper":3,"minecraft:sheep":3,"minecraft:zombie":38,"minecraft:enderman":4},"minecraft:picked_up":{"minecraft:wooden_axe":1,"minecraft:crafting_table":2,"minecraft:wheat":54,"minecraft:ladder":18,"regions_unexplored:maple_planks":1,"minecraft:string":8,"minecraft:moss_carpet":4,"minecraft:raw_copper":232,"minecraft:pufferfish":1,"minecraft:beetroot":4,"delightful:acorn":2,"regions_unexplored:maple_shrub":2,"minecraft:cobblestone_slab":12,"delightful:green_tea_leaf":3,"minecraft:sugar_cane":36,"minecraft:birch_sapling":4,"minecraft:egg":6,"minecraft:stick":44,"minecraft:raw_iron":43,"minecraft:torch":2,"tombstone:grave_dust":4,"minecraft:diorite":491,"minecraft:carrot":214,"minecraft:redstone":1,"regions_unexplored:purple_coneflower":35,"minecraft:tnt":1,"quark:clear_shard":52,"minecraft:arrow":11,"minecraft:rotten_flesh":40,"regions_unexplored:maple_sapling":5,"minecraft:beetroot_seeds":15,"sophisticatedbackpacks:copper_backpack":2,"supplementaries:ash":7,"minecraft:mutton":4,"minecraft:cod":1,"minecraft:white_wool":2,"alexsmobs:lobster_tail":1,"minecraft:cobblestone":4577,"minecraft:birch_log":14,"minecraft:andesite":736,"minecraft:salmon":1,"iceandfire:silver_shovel":1,"minecraft:flint":13,"minecraft:oak_log":37,"minecraft:gunpowder":3,"minecraft:wooden_hoe":1,"minecraft:lapis_lazuli":59,"minecraft:dirt":1515,"minecraft:bone":11,"minecraft:wheat_seeds":209,"minecraft:iron_ingot":1,"minecraft:glass_bottle":1,"galosphere:raw_silver":21,"minecraft:iron_sword":2,"minecraft:honeycomb":24,"minecraft:pumpkin":3,"regions_unexplored:oak_shrub":2,"minecraft:gravel":84,"minecraft:sand":521,"aquaculture:red_grouper":1,"sophisticatedbackpacks:jukebox_upgrade":1,"minecraft:grass_block":1,"minecraft:spider_eye":5,"minecraft:mossy_cobblestone":18,"minecraft:bundle":1,"minecraft:granite":1036,"regions_unexplored:maple_log":20,"minecraft:gray_wool":1,"tombstone:magic_scroll":1,"minecraft:oak_sapling":1,"minecraft:coal":186,"iceandfire:raw_silver":33,"minecraft:ender_pearl":1},"minecraft:crafted":{"minecraft:oak_door":3,"minecraft:oak_planks":80,"minecraft:stone_shovel":11,"minecraft:cobblestone_slab":384,"quark:birch_chest":1,"minecraft:fishing_rod":1,"minecraft:beehive":2,"regions_unexplored:maple_planks":80,"iceandfire:silver_shovel":1,"minecraft:furnace":4,"minecraft:stone":409,"minecraft:bone_meal":15,"minecraft:cooked_mutton":4,"minecraft:glass":310,"minecraft:ladder":44,"minecraft:stone_pickaxe":8,"galosphere:silver_ingot":20,"iceandfire:armor_silver_metal_boots":1,"iceandfire:silver_axe":1,"minecraft:cooked_cod":1,"minecraft:dropper":1,"minecraft:emerald":63,"iceandfire:silver_ingot":28,"minecraft:crafting_table":3,"minecraft:wooden_pickaxe":1,"minecraft:iron_sword":1,"minecraft:cooked_salmon":1,"minecraft:copper_ingot":60,"minecraft:bucket":1,"minecraft:birch_planks":56,"minecraft:bread":9,"minecraft:air":0,"aether:iron_gloves":1,"iceandfire:armor_silver_metal_helmet":1,"minecraft:iron_chestplate":1,"minecraft:white_wool":1,"minecraft:wooden_hoe":1,"minecraft:white_dye":1,"minecraft:shield":1,"quark:oak_chest":4,"minecraft:stick":108,"minecraft:stone_slab":6,"minecraft:iron_pickaxe":1,"minecraft:iron_ingot":42,"minecraft:wooden_axe":1,"minecraft:stone_sword":2,"minecraft:iron_leggings":1,"minecraft:white_bed":1,"minecraft:torch":8,"iceandfire:silver_pickaxe":11,"minecraft:shears":1,"iceandfire:silver_hoe":1},"minecraft:mined":{"iceandfire:silver_ore":29,"regions_unexplored:maple_planks":1,"farmersdelight:wild_carrots":15,"minecraft:granite":754,"minecraft:ladder":2,"minecraft:grass_block":505,"regions_unexplored:purple_coneflower":6,"regions_unexplored:stone_bud":13,"minecraft:carrots":53,"minecraft:iron_ore":41,"minecraft:fire":1,"regions_unexplored:mossy_stone":18,"minecraft:andesite":567,"minecraft:moss_carpet":1,"minecraft:pumpkin":4,"treechop:chopped_log":8,"minecraft:cobblestone_slab":5,"regions_unexplored:medium_grass":65,"minecraft:stone":3809,"sophisticatedbackpacks:copper_backpack":1,"minecraft:crafting_table":2,"galosphere:silver_ore":16,"minecraft:cobblestone":69,"minecraft:tall_grass":5,"minecraft:glass":4,"minecraft:copper_ore":46,"minecraft:lapis_ore":4,"minecraft:sugar_cane":15,"minecraft:diorite":434,"minecraft:wheat":71,"minecraft:tnt":1,"regions_unexplored:sandy_grass":10,"minecraft:grass":55,"minecraft:coal_ore":150,"regions_unexplored:oak_shrub":2,"minecraft:oak_log":1,"minecraft:beetroots":7,"minecraft:gravel":56,"minecraft:sand":540,"minecraft:dirt":920,"regions_unexplored:maple_shrub":1},"minecraft:killed_by":{"minecraft:zombie":1},"minecraft:custom":{"minecraft:mob_kills":79,"minecraft:inspect_hopper":3,"minecraft:interact_with_crafting_table":77,"goblintraders:trade_with_goblin":93,"minecraft:leave_game":4,"minecraft:time_since_death":15033,"minecraft:climb_one_cm":62129,"minecraft:sprint_one_cm":383844,"minecraft:walk_one_cm":1934770,"minecraft:damage_blocked_by_shield":755,"minecraft:drop":89,"minecraft:damage_dealt_absorbed":220,"minecraft:play_time":628471,"minecraft:deaths":18,"minecraft:sneak_time":15065,"minecraft:walk_under_water_one_cm":50103,"minecraft:jump":3232,"minecraft:walk_on_water_one_cm":49044,"minecraft:total_world_time":628471,"minecraft:interact_with_furnace":131,"tombstone:raider_killed":2,"minecraft:sleep_in_bed":9,"minecraft:time_since_rest":14568,"minecraft:damage_taken":7407,"minecraft:damage_dealt":17651,"minecraft:swim_one_cm":1960,"minecraft:fly_one_cm":482269,"minecraft:open_chest":256,"minecraft:crouch_one_cm":55088,"tombstone:undead_killed":49,"minecraft:fish_caught":4,"minecraft:fall_one_cm":68886},"minecraft:used":{"minecraft:oak_fence":1,"minecraft:iron_bars":13,"quark:birch_chest":1,"minecraft:stone_sword":283,"minecraft:flint_and_steel":156,"minecraft:carved_pumpkin":2,"minecraft:stone_shovel":1459,"minecraft:ladder":155,"sophisticatedbackpacks:copper_backpack":1,"minecraft:chest":10,"minecraft:shield":46,"minecraft:stone":94,"minecraft:iron_sword":138,"minecraft:cooked_salmon":1,"minecraft:bee_spawn_egg":23,"minecraft:oak_door":2,"regions_unexplored:maple_planks":35,"minecraft:torch":270,"minecraft:dirt":408,"minecraft:hopper":16,"minecraft:carrot":169,"minecraft:bee_nest":8,"minecraft:granite":25,"minecraft:beehive":2,"regions_unexplored:oak_shrub":1,"minecraft:glass":268,"minecraft:wooden_axe":52,"alexsmobs:lobster_tail":1,"minecraft:iron_block":68,"minecraft:grass_block":1,"minecraft:spawner":4,"minecraft:slime_spawn_egg":4,"minecraft:furnace":4,"minecraft:cooked_cod":1,"minecraft:beetroot_seeds":7,"tombstone:gift":8,"minecraft:wheat_seeds":129,"minecraft:cooked_mutton":4,"minecraft:water_bucket":11,"minecraft:diorite":324,"minecraft:birch_planks":25,"minecraft:glass_bottle":2,"minecraft:stone_pickaxe":1052,"minecraft:wooden_pickaxe":70,"minecraft:sugar_cane":22,"minecraft:cobblestone_slab":825,"minecraft:tnt":207,"minecraft:crafting_table":5,"minecraft:campfire":16,"minecraft:white_bed":1,"iceandfire:silver_axe":23,"minecraft:shears":10,"iceandfire:silver_pickaxe":4620,"minecraft:wooden_hoe":57,"minecraft:diamond_shovel":49,"minecraft:bread":1,"minecraft:iron_pickaxe":250,"minecraft:stone_slab":6,"minecraft:fishing_rod":6,"iceandfire:silver_hoe":75,"minecraft:cobblestone":1054,"minecraft:potion":1,"minecraft:andesite":83,"minecraft:bucket":11,"quark:oak_chest":4,"iceandfire:silver_shovel":462,"minecraft:bone_meal":14}},"DataVersion":3465}