{"stats":{"minecraft:killed":{"alexsmobs:lobster":4,"mca:male_zombie_villager":1,"minecraft:witch":2,"minecraft:spider":3,"minecraft:skeleton":6,"goblintraders:goblin_trader":2,"alexsmobs:seal":3,"minecraft:creeper":1,"minecraft:sheep":3,"minecraft:zombie":27,"minecraft:enderman":2},"minecraft:custom":{"minecraft:mob_kills":55,"minecraft:interact_with_crafting_table":64,"goblintraders:trade_with_goblin":92,"minecraft:leave_game":3,"minecraft:time_since_death":1355,"minecraft:sprint_one_cm":330852,"minecraft:walk_one_cm":1454742,"minecraft:damage_blocked_by_shield":465,"minecraft:drop":84,"minecraft:damage_dealt_absorbed":140,"minecraft:play_time":448552,"minecraft:deaths":17,"minecraft:sneak_time":8691,"minecraft:walk_under_water_one_cm":49835,"minecraft:jump":2635,"minecraft:walk_on_water_one_cm":46987,"minecraft:total_world_time":448552,"minecraft:interact_with_furnace":106,"tombstone:raider_killed":2,"minecraft:sleep_in_bed":9,"minecraft:time_since_rest":450,"minecraft:damage_taken":6531,"minecraft:damage_dealt":12676,"minecraft:swim_one_cm":1960,"minecraft:fly_one_cm":317082,"minecraft:open_chest":175,"minecraft:crouch_one_cm":37542,"tombstone:undead_killed":34,"minecraft:fish_caught":4,"minecraft:fall_one_cm":61289},"minecraft:crafted":{"minecraft:oak_door":3,"minecraft:oak_planks":80,"minecraft:stone_shovel":11,"quark:birch_chest":1,"minecraft:fishing_rod":1,"regions_unexplored:maple_planks":76,"iceandfire:silver_shovel":1,"minecraft:furnace":1,"minecraft:bone_meal":15,"minecraft:cooked_mutton":4,"minecraft:glass":283,"minecraft:stone_pickaxe":8,"galosphere:silver_ingot":20,"iceandfire:armor_silver_metal_boots":1,"iceandfire:silver_axe":1,"minecraft:cooked_cod":1,"minecraft:emerald":62,"iceandfire:silver_ingot":28,"minecraft:crafting_table":3,"minecraft:wooden_pickaxe":1,"minecraft:iron_sword":1,"minecraft:cooked_salmon":1,"minecraft:copper_ingot":60,"minecraft:bucket":1,"minecraft:birch_planks":56,"minecraft:air":0,"aether:iron_gloves":1,"iceandfire:armor_silver_metal_helmet":1,"minecraft:iron_chestplate":1,"minecraft:white_wool":1,"minecraft:wooden_hoe":1,"minecraft:shield":1,"minecraft:white_dye":1,"minecraft:stick":108,"quark:oak_chest":4,"minecraft:iron_pickaxe":1,"minecraft:iron_ingot":33,"minecraft:wooden_axe":1,"minecraft:stone_sword":2,"minecraft:iron_leggings":1,"minecraft:white_bed":1,"minecraft:torch":8,"iceandfire:silver_pickaxe":11,"iceandfire:silver_hoe":1},"minecraft:used":{"quark:birch_chest":1,"minecraft:stone_sword":283,"minecraft:flint_and_steel":139,"minecraft:stone_shovel":1459,"sophisticatedbackpacks:copper_backpack":1,"minecraft:shield":28,"minecraft:iron_sword":52,"minecraft:cooked_salmon":1,"minecraft:oak_door":2,"regions_unexplored:maple_planks":35,"minecraft:torch":8,"minecraft:dirt":369,"minecraft:carrot":140,"minecraft:granite":22,"regions_unexplored:oak_shrub":1,"minecraft:glass":268,"minecraft:wooden_axe":52,"alexsmobs:lobster_tail":1,"minecraft:furnace":1,"minecraft:cooked_cod":1,"minecraft:beetroot_seeds":7,"tombstone:gift":8,"minecraft:wheat_seeds":53,"minecraft:cooked_mutton":4,"minecraft:water_bucket":2,"minecraft:diorite":14,"minecraft:birch_planks":25,"minecraft:glass_bottle":2,"minecraft:stone_pickaxe":1052,"minecraft:wooden_pickaxe":70,"minecraft:sugar_cane":3,"minecraft:tnt":190,"minecraft:crafting_table":5,"minecraft:white_bed":1,"iceandfire:silver_axe":22,"iceandfire:silver_pickaxe":4017,"minecraft:wooden_hoe":57,"minecraft:bread":1,"minecraft:iron_pickaxe":250,"iceandfire:silver_hoe":42,"minecraft:fishing_rod":6,"minecraft:cobblestone":712,"minecraft:potion":1,"minecraft:andesite":58,"minecraft:bucket":2,"quark:oak_chest":4,"iceandfire:silver_shovel":462,"minecraft:bone_meal":14},"minecraft:killed_by":{"minecraft:zombie":1},"minecraft:picked_up":{"minecraft:wooden_axe":1,"minecraft:crafting_table":2,"minecraft:wheat":5,"regions_unexplored:maple_planks":1,"minecraft:string":6,"minecraft:moss_carpet":4,"minecraft:raw_copper":158,"minecraft:pufferfish":1,"minecraft:beetroot":4,"delightful:acorn":2,"regions_unexplored:maple_shrub":1,"minecraft:sugar_cane":3,"delightful:green_tea_leaf":3,"minecraft:birch_sapling":4,"minecraft:egg":6,"minecraft:raw_iron":33,"minecraft:stick":44,"tombstone:grave_dust":3,"minecraft:diorite":490,"minecraft:carrot":214,"minecraft:redstone":1,"regions_unexplored:purple_coneflower":35,"minecraft:tnt":1,"minecraft:arrow":6,"quark:clear_shard":52,"minecraft:rotten_flesh":27,"regions_unexplored:maple_sapling":5,"minecraft:beetroot_seeds":15,"sophisticatedbackpacks:copper_backpack":2,"supplementaries:ash":5,"minecraft:mutton":4,"minecraft:cod":1,"alexsmobs:lobster_tail":1,"minecraft:white_wool":2,"minecraft:cobblestone":3958,"minecraft:birch_log":14,"minecraft:andesite":641,"minecraft:salmon":1,"iceandfire:silver_shovel":1,"minecraft:flint":12,"minecraft:oak_log":37,"minecraft:gunpowder":3,"minecraft:wooden_hoe":1,"minecraft:lapis_lazuli":38,"minecraft:dirt":1416,"minecraft:bone":5,"minecraft:wheat_seeds":70,"minecraft:glass_bottle":1,"galosphere:raw_silver":20,"minecraft:pumpkin":3,"minecraft:gravel":70,"regions_unexplored:oak_shrub":2,"minecraft:sand":521,"aquaculture:red_grouper":1,"sophisticatedbackpacks:jukebox_upgrade":1,"minecraft:spider_eye":3,"minecraft:mossy_cobblestone":18,"minecraft:granite":882,"regions_unexplored:maple_log":20,"minecraft:gray_wool":1,"minecraft:oak_sapling":1,"tombstone:magic_scroll":1,"minecraft:coal":134,"iceandfire:raw_silver":28},"minecraft:mined":{"iceandfire:silver_ore":26,"regions_unexplored:maple_planks":1,"farmersdelight:wild_carrots":15,"minecraft:granite":664,"minecraft:grass_block":476,"regions_unexplored:purple_coneflower":6,"regions_unexplored:stone_bud":13,"minecraft:carrots":53,"minecraft:iron_ore":31,"minecraft:fire":1,"regions_unexplored:mossy_stone":18,"minecraft:andesite":507,"minecraft:pumpkin":4,"treechop:chopped_log":8,"minecraft:moss_carpet":1,"regions_unexplored:medium_grass":56,"minecraft:stone":3473,"sophisticatedbackpacks:copper_backpack":1,"minecraft:crafting_table":2,"galosphere:silver_ore":16,"minecraft:glass":4,"minecraft:tall_grass":5,"minecraft:copper_ore":31,"minecraft:cobblestone":43,"minecraft:sugar_cane":2,"minecraft:diorite":433,"minecraft:wheat":21,"minecraft:tnt":1,"regions_unexplored:sandy_grass":10,"minecraft:grass":52,"minecraft:oak_log":1,"regions_unexplored:oak_shrub":2,"minecraft:coal_ore":107,"minecraft:beetroots":7,"minecraft:gravel":43,"minecraft:sand":540,"minecraft:dirt":889,"regions_unexplored:maple_shrub":1},"minecraft:broken":{"minecraft:stone_sword":1,"minecraft:flint_and_steel":2,"iceandfire:silver_pickaxe":8,"minecraft:wooden_pickaxe":1,"minecraft:stone_pickaxe":8,"minecraft:iron_pickaxe":1,"iceandfire:silver_shovel":1,"minecraft:stone_shovel":11},"minecraft:dropped":{"minecraft:cobblestone":407,"minecraft:granite":58,"quark:clear_shard":2,"minecraft:wooden_hoe":1,"minecraft:wooden_axe":1,"tombstone:grave_dust":2,"sophisticatedbackpacks:jukebox_upgrade":1,"minecraft:gravel":70,"minecraft:moss_carpet":4,"minecraft:rotten_flesh":2,"iceandfire:silver_shovel":1,"supplementaries:ash":4,"minecraft:andesite":127}},"DataVersion":3465}