{"stats":{"minecraft:mined":{"minecraft:birch_log":7,"minecraft:andesite":1,"minecraft:crafting_table":1,"minecraft:grass":1,"minecraft:grass_block":4,"minecraft:oak_log":60,"minecraft:copper_ore":4,"minecraft:stone":73,"minecraft:oak_leaves":22},"minecraft:crafted":{"minecraft:wooden_sword":1,"minecraft:oak_planks":40,"minecraft:charcoal":9,"minecraft:cooked_porkchop":2,"minecraft:crafting_table":1,"minecraft:stick":8,"minecraft:wooden_pickaxe":1,"minecraft:stone_pickaxe":1,"minecraft:wooden_axe":1,"minecraft:chest":1,"minecraft:furnace":1,"minecraft:copper_ingot":7,"minecraft:torch":4,"minecraft:stone_axe":1,"minecraft:air":0},"minecraft:killed":{"minecraft:pig":2},"minecraft:picked_up":{"minecraft:wooden_axe":1,"minecraft:birch_log":7,"minecraft:stick":13,"minecraft:crafting_table":1,"minecraft:porkchop":2,"minecraft:oak_log":62,"minecraft:dirt":17,"minecraft:raw_copper":11,"minecraft:arrow":2,"minecraft:apple":2,"minecraft:wheat_seeds":1,"minecraft:oak_sapling":18,"minecraft:cobblestone":73},"minecraft:used":{"minecraft:wooden_axe":59,"minecraft:stone_pickaxe":19,"minecraft:chest":1,"minecraft:wooden_pickaxe":59,"minecraft:stone_axe":22,"minecraft:torch":3,"minecraft:wooden_sword":9,"minecraft:crafting_table":2,"minecraft:furnace":1,"minecraft:oak_sapling":1,"minecraft:cooked_porkchop":1},"minecraft:dropped":{"minecraft:wooden_axe":1},"minecraft:broken":{"minecraft:wooden_axe":1,"minecraft:wooden_pickaxe":1},"minecraft:custom":{"minecraft:time_since_rest":23388,"minecraft:interact_with_furnace":5,"minecraft:sprint_one_cm":17913,"minecraft:damage_taken":175,"minecraft:walk_one_cm":93356,"minecraft:mob_kills":3,"minecraft:drop":1,"minecraft:damage_dealt":443,"minecraft:interact_with_crafting_table":5,"minecraft:fly_one_cm":18499,"minecraft:open_chest":3,"minecraft:play_time":23388,"minecraft:walk_under_water_one_cm":111,"minecraft:jump":127,"minecraft:time_since_death":23388,"minecraft:walk_on_water_one_cm":1289,"minecraft:total_world_time":23388,"minecraft:fall_one_cm":2090}},"DataVersion":3465}