{"stats":{"minecraft:picked_up":{"minecraft:wooden_axe":1,"minecraft:birch_log":35,"minecraft:fishing_rod":1,"minecraft:crafting_table":1,"minecraft:wheat":7,"minecraft:andesite":152,"minecraft:potato":2,"minecraft:potion":1,"minecraft:flint":2,"minecraft:oak_log":187,"minecraft:shield":1,"minecraft:gunpowder":5,"minecraft:dirt":138,"minecraft:string":8,"minecraft:raw_copper":82,"minecraft:name_tag":2,"minecraft:cooked_mutton":6,"minecraft:bone":13,"minecraft:apple":2,"minecraft:wheat_seeds":24,"minecraft:cobbled_deepslate":14,"minecraft:bucket":1,"minecraft:iron_ingot":4,"minecraft:stone_pickaxe":6,"minecraft:stone_hoe":5,"minecraft:oak_planks":10,"minecraft:furnace":1,"minecraft:raw_iron":59,"minecraft:stick":18,"minecraft:torch":1,"minecraft:gravel":22,"minecraft:porkchop":2,"minecraft:diorite":112,"minecraft:carrot":14,"minecraft:stone_sword":3,"minecraft:arrow":7,"minecraft:rotten_flesh":60,"minecraft:stone_axe":3,"minecraft:granite":71,"minecraft:saddle":1,"minecraft:oak_sapling":22,"minecraft:mutton":2,"minecraft:cod":3,"minecraft:coal":39,"minecraft:white_wool":4,"minecraft:cobblestone":710},"minecraft:used":{"minecraft:cooked_mutton":1,"minecraft:wheat_seeds":7,"minecraft:water_bucket":3,"minecraft:diorite":4,"minecraft:stone_sword":132,"minecraft:stone_pickaxe":545,"minecraft:stone_shovel":107,"minecraft:ladder":60,"minecraft:chest":3,"minecraft:wooden_pickaxe":59,"minecraft:iron_sword":4,"minecraft:stone_hoe":105,"minecraft:torch":13,"minecraft:dirt":16,"minecraft:crafting_table":2,"minecraft:carrot":13,"minecraft:granite":7,"minecraft:sticky_piston":1,"minecraft:wooden_axe":59,"minecraft:lever":1,"minecraft:slime_block":4,"minecraft:bread":2,"minecraft:chiseled_stone_bricks":3,"minecraft:melon_seeds":8,"minecraft:stone_axe":31,"minecraft:fishing_rod":8,"minecraft:wooden_sword":61,"minecraft:cobblestone":196,"minecraft:oak_sapling":1,"minecraft:furnace":2,"minecraft:cooked_porkchop":2,"minecraft:beetroot_seeds":2,"minecraft:bucket":3,"minecraft:observer":4,"minecraft:potato":1,"minecraft:bone_meal":24},"minecraft:broken":{"minecraft:stone_pickaxe":5,"minecraft:wooden_sword":1,"minecraft:stone_sword":1,"minecraft:wooden_axe":1,"minecraft:wooden_pickaxe":1},"minecraft:dropped":{"minecraft:stone_sword":1,"minecraft:wooden_axe":1},"minecraft:killed_by":{"minecraft:spider":2,"minecraft:zombie":2},"minecraft:crafted":{"minecraft:wooden_sword":1,"minecraft:oak_planks":48,"minecraft:stone_shovel":1,"minecraft:fishing_rod":1,"minecraft:cooked_porkchop":2,"minecraft:crafting_table":1,"minecraft:wooden_pickaxe":1,"minecraft:iron_sword":1,"minecraft:furnace":1,"minecraft:copper_ingot":11,"minecraft:birch_planks":28,"minecraft:bone_meal":24,"minecraft:stone_axe":1,"minecraft:bread":2,"minecraft:cooked_mutton":2,"minecraft:air":0,"minecraft:charcoal":9,"minecraft:shield":1,"minecraft:stick":36,"minecraft:iron_ingot":29,"minecraft:iron_shovel":1,"minecraft:iron_pickaxe":4,"minecraft:stone_pickaxe":4,"minecraft:wooden_axe":1,"minecraft:stone_sword":1,"minecraft:chest":3,"minecraft:torch":16,"minecraft:stone_hoe":1,"minecraft:shears":1},"minecraft:custom":{"minecraft:interact_with_furnace":22,"minecraft:mob_kills":46,"minecraft:interact_with_crafting_table":18,"minecraft:leave_game":4,"minecraft:time_since_death":17584,"minecraft:sleep_in_bed":2,"minecraft:climb_one_cm":21674,"minecraft:time_since_rest":17613,"minecraft:sprint_one_cm":101913,"minecraft:damage_taken":1575,"minecraft:walk_one_cm":467812,"minecraft:drop":2,"minecraft:damage_dealt":7712,"minecraft:fly_one_cm":138277,"minecraft:open_chest":37,"minecraft:crouch_one_cm":303,"minecraft:play_time":129846,"minecraft:deaths":5,"minecraft:sneak_time":306,"minecraft:walk_under_water_one_cm":15590,"minecraft:jump":922,"minecraft:walk_on_water_one_cm":3110,"minecraft:total_world_time":129846,"minecraft:fish_caught":3,"minecraft:fall_one_cm":8988},"minecraft:mined":{"minecraft:oak_sapling":1,"minecraft:farmland":1,"minecraft:crafting_table":1,"minecraft:torch":1,"minecraft:granite":44,"minecraft:grass_block":83,"minecraft:tall_grass":1,"minecraft:copper_ore":17,"minecraft:cobblestone":6,"minecraft:deepslate_coal_ore":1,"minecraft:diorite":31,"minecraft:deepslate_copper_ore":3,"minecraft:furnace":1,"minecraft:carrots":4,"minecraft:iron_ore":31,"minecraft:birch_log":14,"minecraft:wheat":7,"minecraft:andesite":78,"minecraft:grass":50,"minecraft:deepslate_iron_ore":5,"minecraft:oak_log":60,"minecraft:coal_ore":25,"minecraft:gravel":9,"minecraft:dirt":43,"minecraft:stone":314,"minecraft:deepslate":10,"minecraft:oak_leaves":22},"minecraft:killed":{"minecraft:pig":2,"minecraft:spider":4,"minecraft:creeper":2,"minecraft:sheep":1,"minecraft:skeleton":4,"minecraft:zombie":30}},"DataVersion":3465}