{"stats":{"minecraft:killed":{"mca:male_zombie_villager":1,"minecraft:witch":2,"alexsmobs:seal":3,"minecraft:spider":1,"minecraft:sheep":3,"minecraft:skeleton":2,"minecraft:zombie":14},"minecraft:custom":{"minecraft:interact_with_furnace":35,"minecraft:mob_kills":26,"tombstone:raider_killed":2,"minecraft:interact_with_crafting_table":29,"minecraft:leave_game":3,"minecraft:time_since_death":141693,"minecraft:sleep_in_bed":3,"minecraft:time_since_rest":66777,"minecraft:sprint_one_cm":174713,"minecraft:damage_taken":4220,"minecraft:walk_one_cm":522887,"minecraft:drop":4,"minecraft:damage_dealt":8054,"minecraft:damage_dealt_absorbed":140,"minecraft:swim_one_cm":1823,"minecraft:fly_one_cm":197267,"minecraft:open_chest":36,"minecraft:crouch_one_cm":10574,"minecraft:play_time":214552,"tombstone:undead_killed":17,"minecraft:deaths":15,"minecraft:sneak_time":2240,"minecraft:walk_under_water_one_cm":2079,"minecraft:jump":999,"minecraft:walk_on_water_one_cm":5749,"minecraft:total_world_time":214552,"minecraft:fall_one_cm":24377},"minecraft:crafted":{"minecraft:oak_door":3,"minecraft:oak_planks":40,"minecraft:stone_shovel":11,"minecraft:crafting_table":2,"regions_unexplored:maple_planks":40,"minecraft:wooden_pickaxe":1,"minecraft:furnace":1,"minecraft:bone_meal":15,"minecraft:birch_planks":28,"minecraft:cooked_mutton":4,"minecraft:air":0,"minecraft:glass":220,"minecraft:white_wool":1,"minecraft:wooden_hoe":1,"minecraft:white_dye":1,"minecraft:stick":12,"quark:oak_chest":2,"minecraft:iron_ingot":2,"minecraft:stone_pickaxe":4,"minecraft:wooden_axe":1,"minecraft:stone_sword":2,"minecraft:white_bed":1,"minecraft:torch":8},"minecraft:used":{"minecraft:wheat_seeds":22,"minecraft:cooked_mutton":3,"minecraft:stone_sword":238,"minecraft:birch_planks":22,"minecraft:glass_bottle":2,"minecraft:stone_shovel":1393,"minecraft:stone_pickaxe":523,"sophisticatedbackpacks:copper_backpack":1,"minecraft:wooden_pickaxe":70,"minecraft:sugar_cane":3,"minecraft:oak_door":2,"regions_unexplored:maple_planks":35,"minecraft:torch":2,"minecraft:dirt":49,"minecraft:crafting_table":4,"minecraft:carrot":17,"minecraft:white_bed":1,"regions_unexplored:oak_shrub":1,"minecraft:glass":220,"minecraft:wooden_axe":50,"minecraft:wooden_hoe":33,"minecraft:bread":1,"minecraft:cobblestone":2,"minecraft:potion":1,"minecraft:furnace":1,"minecraft:beetroot_seeds":2,"tombstone:gift":6,"quark:oak_chest":2},"minecraft:killed_by":{"minecraft:zombie":1},"minecraft:picked_up":{"minecraft:birch_log":14,"minecraft:crafting_table":2,"regions_unexplored:maple_planks":1,"minecraft:oak_log":20,"minecraft:dirt":1138,"minecraft:string":2,"minecraft:moss_carpet":3,"minecraft:raw_copper":27,"minecraft:bone":1,"minecraft:wheat_seeds":25,"delightful:acorn":1,"regions_unexplored:maple_shrub":1,"minecraft:glass_bottle":1,"delightful:green_tea_leaf":1,"minecraft:sugar_cane":3,"minecraft:birch_sapling":3,"minecraft:egg":5,"minecraft:stick":27,"minecraft:raw_iron":2,"minecraft:pumpkin":3,"regions_unexplored:oak_shrub":2,"minecraft:sand":247,"minecraft:carrot":18,"tombstone:grave_dust":3,"sophisticatedbackpacks:jukebox_upgrade":1,"minecraft:redstone":1,"minecraft:spider_eye":3,"minecraft:mossy_cobblestone":12,"regions_unexplored:purple_coneflower":26,"quark:clear_shard":9,"minecraft:arrow":1,"minecraft:rotten_flesh":15,"regions_unexplored:maple_sapling":4,"minecraft:granite":36,"regions_unexplored:maple_log":19,"minecraft:gray_wool":1,"sophisticatedbackpacks:copper_backpack":2,"supplementaries:ash":4,"tombstone:magic_scroll":1,"minecraft:oak_sapling":1,"minecraft:mutton":4,"minecraft:coal":51,"iceandfire:raw_silver":5,"minecraft:white_wool":2,"minecraft:cobblestone":456},"minecraft:mined":{"iceandfire:silver_ore":5,"regions_unexplored:maple_planks":1,"farmersdelight:wild_carrots":15,"minecraft:crafting_table":2,"minecraft:granite":37,"minecraft:grass_block":475,"minecraft:copper_ore":10,"minecraft:glass":3,"minecraft:tall_grass":5,"regions_unexplored:purple_coneflower":6,"minecraft:sugar_cane":2,"minecraft:carrots":3,"minecraft:iron_ore":2,"minecraft:wheat":6,"regions_unexplored:mossy_stone":12,"treechop:chopped_log":6,"minecraft:pumpkin":4,"regions_unexplored:sandy_grass":8,"minecraft:grass":12,"minecraft:coal_ore":51,"regions_unexplored:oak_shrub":2,"minecraft:oak_log":1,"minecraft:sand":253,"minecraft:dirt":676,"regions_unexplored:medium_grass":27,"minecraft:stone":462,"regions_unexplored:maple_shrub":1,"sophisticatedbackpacks:copper_backpack":1},"minecraft:broken":{"minecraft:stone_pickaxe":4,"minecraft:stone_sword":1,"minecraft:stone_shovel":10,"minecraft:wooden_pickaxe":1},"minecraft:dropped":{"minecraft:moss_carpet":1,"supplementaries:ash":2,"tombstone:grave_dust":2,"sophisticatedbackpacks:jukebox_upgrade":1}},"DataVersion":3465}