{"stats":{"minecraft:killed":{"alexsmobs:lobster":4,"minecraft:witch":2,"minecraft:spider":13,"kobolds:kobold_rascal":1,"minecraft:skeleton":14,"minecraft:chicken":1,"alexsmobs:grizzly_bear":1,"alexsmobs:seal":6,"minecraft:creeper":3,"minecraft:sheep":4,"minecraft:zombie":59,"mca:male_zombie_villager":1,"alexsmobs:raccoon":1,"alexsmobs:seagull":1,"minecraft:slime":8,"goblintraders:goblin_trader":2,"autumnity:turkey":2,"minecraft:enderman":5},"minecraft:killed_by":{"minecraft:zombie":1,"minecraft:slime":1},"minecraft:mined":{"regions_unexplored:maple_planks":1,"minecraft:granite":852,"minecraft:budding_amethyst":3,"minecraft:grass_block":510,"regions_unexplored:purple_coneflower":9,"regions_unexplored:stone_bud":13,"minecraft:iron_ore":48,"minecraft:cobbled_deepslate":1,"minecraft:fire":1,"regions_unexplored:mossy_stone":18,"minecraft:moss_carpet":1,"minecraft:pumpkin":4,"diagonalfences:minecraft/spruce_fence":1,"minecraft:oak_stairs":1,"sophisticatedbackpacks:copper_backpack":1,"minecraft:deepslate_redstone_ore":7,"minecraft:amethyst_cluster":4,"minecraft:torch":2,"diagonalfences:minecraft/oak_fence":1,"minecraft:calcite":25,"galosphere:silver_ore":16,"minecraft:glass":4,"minecraft:cobblestone":72,"minecraft:oak_planks":1,"minecraft:sugar_cane":81,"minecraft:amethyst_block":8,"minecraft:wheat":125,"minecraft:tnt":1,"minecraft:grass":60,"regions_unexplored:oak_shrub":2,"minecraft:oak_log":7,"minecraft:beetroots":7,"minecraft:sand":540,"minecraft:dirt":943,"minecraft:smooth_basalt":25,"minecraft:deepslate":131,"minecraft:diamond_ore":5,"minecraft:tuff":1,"iceandfire:silver_ore":31,"farmersdelight:wild_carrots":16,"minecraft:ladder":2,"minecraft:carrots":53,"minecraft:andesite":612,"treechop:chopped_log":14,"minecraft:cobblestone_slab":5,"minecraft:deepslate_iron_ore":4,"regions_unexplored:medium_grass":67,"minecraft:stone":4391,"minecraft:crafting_table":3,"minecraft:copper_ore":46,"minecraft:tall_grass":5,"minecraft:lapis_ore":4,"minecraft:diorite":440,"minecraft:sweet_berry_bush":1,"regions_unexplored:sandy_grass":10,"minecraft:coal_ore":171,"minecraft:gravel":58,"regions_unexplored:maple_shrub":1,"minecraft:gold_ore":10},"minecraft:crafted":{"minecraft:oak_planks":244,"minecraft:cobblestone_slab":384,"quark:birch_chest":1,"regions_unexplored:maple_planks":172,"minecraft:cooked_chicken":1,"iceandfire:silver_shovel":1,"minecraft:stone":409,"delightful:roasted_acorn":1,"minecraft:cooked_mutton":7,"minecraft:glass":394,"galosphere:silver_ingot":21,"minecraft:oak_fence":81,"iceandfire:silver_axe":1,"minecraft:dropper":1,"minecraft:emerald":63,"minecraft:crafting_table":4,"minecraft:spruce_planks":36,"minecraft:baked_potato":52,"minecraft:iron_helmet":1,"minecraft:wooden_pickaxe":1,"minecraft:copper_ingot":124,"minecraft:birch_planks":56,"minecraft:wooden_hoe":1,"minecraft:iron_chestplate":1,"minecraft:paper":93,"minecraft:shield":1,"minecraft:stick":320,"minecraft:stone_slab":6,"quark:oak_chest":6,"minecraft:iron_ingot":64,"minecraft:iron_pickaxe":7,"minecraft:stone_sword":2,"minecraft:gold_ingot":4,"minecraft:shears":1,"minecraft:oak_door":3,"minecraft:stone_shovel":11,"minecraft:fishing_rod":1,"minecraft:beehive":2,"minecraft:furnace":4,"minecraft:bone_meal":15,"minecraft:spruce_fence":18,"minecraft:ladder":44,"minecraft:stone_pickaxe":8,"iceandfire:armor_silver_metal_boots":1,"minecraft:cooked_cod":1,"iceandfire:silver_ingot":33,"minecraft:iron_sword":2,"minecraft:cooked_salmon":1,"minecraft:bucket":1,"minecraft:bread":18,"minecraft:air":0,"aether:iron_gloves":1,"minecraft:oak_fence_gate":1,"minecraft:oak_boat":2,"iceandfire:armor_silver_metal_helmet":1,"minecraft:white_wool":1,"minecraft:white_dye":1,"minecraft:wooden_axe":1,"minecraft:iron_leggings":1,"minecraft:white_bed":1,"minecraft:torch":72,"iceandfire:silver_pickaxe":11,"iceandfire:silver_hoe":1},"minecraft:dropped":{"minecraft:iron_sword":2,"minecraft:dirt":10,"regions_unexplored:purple_coneflower":3,"regions_unexplored:maple_log":1,"minecraft:white_wool":1,"minecraft:gravel":70,"minecraft:sugar_cane":1,"minecraft:wheat":7,"minecraft:rotten_flesh":2,"regions_unexplored:maple_sapling":2,"minecraft:diamond_shovel":1,"iceandfire:silver_shovel":1,"supplementaries:ash":4,"minecraft:wheat_seeds":2,"minecraft:cobblestone":407,"minecraft:amethyst_block":5,"minecraft:granite":58,"minecraft:grass_block":1,"quark:clear_shard":2,"minecraft:torch":2,"minecraft:wooden_hoe":1,"minecraft:wooden_axe":1,"tombstone:grave_dust":2,"sophisticatedbackpacks:jukebox_upgrade":1,"minecraft:string":10,"minecraft:moss_carpet":4,"minecraft:spruce_fence":1,"minecraft:andesite":127},"minecraft:used":{"sophisticatedbackpacks:copper_backpack":1,"minecraft:ladder":156,"minecraft:chest":30,"minecraft:shield":70,"minecraft:stone":181,"minecraft:iron_sword":309,"minecraft:carrot":212,"minecraft:tuff":12,"minecraft:beehive":2,"minecraft:glass":351,"alexsmobs:lobster_tail":1,"minecraft:grass_block":1,"minecraft:slime_spawn_egg":4,"minecraft:furnace":4,"minecraft:cooked_cod":1,"minecraft:beetroot_seeds":7,"minecraft:egg":2,"minecraft:potato":21,"minecraft:diorite":325,"minecraft:cow_spawn_egg":2,"minecraft:stone_pickaxe":1052,"minecraft:wooden_pickaxe":70,"minecraft:sugar_cane":31,"iceandfire:silver_axe":103,"minecraft:shears":10,"iceandfire:silver_pickaxe":5074,"minecraft:bread":6,"minecraft:andesite":94,"minecraft:oak_boat":5,"minecraft:bone_meal":14,"minecraft:experience_bottle":1,"minecraft:oak_fence":61,"quark:birch_chest":1,"minecraft:iron_bars":13,"minecraft:stone_sword":284,"minecraft:flint_and_steel":177,"minecraft:carved_pumpkin":2,"minecraft:stone_shovel":1459,"minecraft:cooked_salmon":1,"minecraft:oak_door":2,"regions_unexplored:maple_planks":35,"minecraft:bee_spawn_egg":23,"minecraft:torch":335,"minecraft:dirt":443,"minecraft:hopper":32,"minecraft:bee_nest":8,"minecraft:granite":44,"minecraft:spruce_fence":18,"minecraft:oak_fence_gate":1,"delightful:roasted_acorn":1,"regions_unexplored:oak_shrub":1,"minecraft:wooden_axe":52,"minecraft:iron_block":68,"minecraft:spawner":4,"tombstone:gift":10,"minecraft:cobbled_deepslate":15,"minecraft:calcite":24,"minecraft:wheat_seeds":129,"minecraft:cooked_mutton":5,"minecraft:water_bucket":32,"minecraft:amethyst_block":9,"minecraft:birch_planks":25,"minecraft:glass_bottle":2,"minecraft:lead":3,"minecraft:cobblestone_slab":825,"minecraft:tnt":234,"minecraft:crafting_table":7,"minecraft:white_bed":1,"minecraft:campfire":33,"minecraft:wooden_hoe":57,"minecraft:diamond_shovel":78,"minecraft:iron_pickaxe":798,"minecraft:stone_slab":6,"iceandfire:silver_hoe":94,"minecraft:fishing_rod":6,"minecraft:cobblestone":1108,"minecraft:potion":1,"minecraft:bucket":11,"quark:oak_chest":6,"iceandfire:silver_shovel":462},"minecraft:custom":{"minecraft:animals_bred":8,"minecraft:interact_with_crafting_table":106,"goblintraders:trade_with_goblin":93,"minecraft:leave_game":7,"minecraft:time_since_death":74534,"minecraft:sprint_one_cm":509417,"minecraft:damage_blocked_by_shield":1505,"minecraft:drop":108,"minecraft:play_time":873803,"minecraft:deaths":25,"minecraft:jump":4335,"minecraft:walk_on_water_one_cm":108789,"minecraft:interact_with_furnace":172,"minecraft:sleep_in_bed":15,"minecraft:damage_dealt":26360,"minecraft:crouch_one_cm":65842,"tombstone:undead_killed":74,"minecraft:mob_kills":129,"minecraft:inspect_hopper":4,"minecraft:climb_one_cm":76344,"minecraft:walk_one_cm":2692054,"minecraft:damage_dealt_absorbed":220,"minecraft:sneak_time":18333,"minecraft:walk_under_water_one_cm":57136,"minecraft:total_world_time":873803,"tombstone:raider_killed":2,"minecraft:time_since_rest":3680,"minecraft:damage_taken":10113,"minecraft:swim_one_cm":5097,"minecraft:fly_one_cm":615555,"minecraft:open_chest":411,"minecraft:fish_caught":4,"minecraft:fall_one_cm":86412},"minecraft:broken":{"iceandfire:silver_pickaxe":11,"minecraft:stone_pickaxe":8,"iceandfire:silver_shovel":1,"minecraft:stone_shovel":11,"minecraft:stone_sword":2,"minecraft:flint_and_steel":2,"aether:iron_gloves":1,"minecraft:wooden_pickaxe":1,"iceandfire:armor_silver_metal_helmet":1,"minecraft:iron_pickaxe":3},"minecraft:picked_up":{"minecraft:wooden_axe":1,"minecraft:wheat":176,"minecraft:lead":19,"minecraft:oak_stairs":1,"regions_unexplored:maple_planks":1,"minecraft:amethyst_block":24,"minecraft:string":22,"minecraft:raw_copper":232,"minecraft:pufferfish":1,"minecraft:beetroot":4,"minecraft:cobbled_deepslate":350,"delightful:acorn":3,"regions_unexplored:maple_shrub":2,"minecraft:cobblestone_slab":12,"minecraft:calcite":33,"delightful:green_tea_leaf":5,"minecraft:stick":65,"minecraft:oak_fence":1,"minecraft:torch":16,"tombstone:grave_dust":10,"minecraft:diorite":498,"quark:clear_shard":70,"minecraft:rotten_flesh":61,"supplementaries:ash":9,"autumnity:turkey":2,"minecraft:cod":1,"alexsmobs:lobster_tail":1,"minecraft:cobblestone":5220,"minecraft:birch_log":14,"minecraft:feather":4,"minecraft:andesite":807,"minecraft:flint":17,"minecraft:tuff":21,"minecraft:lapis_lazuli":59,"minecraft:dirt":1587,"minecraft:bone":21,"minecraft:wheat_seeds":344,"minecraft:raw_gold":10,"galosphere:raw_silver":22,"minecraft:honeycomb":24,"minecraft:oak_planks":1,"minecraft:sand":521,"minecraft:ink_sac":5,"sophisticatedbackpacks:jukebox_upgrade":1,"minecraft:grass_block":1,"minecraft:mossy_cobblestone":18,"minecraft:bundle":3,"minecraft:diamond":5,"minecraft:granite":1162,"minecraft:oak_sapling":6,"iceandfire:raw_silver":35,"minecraft:crafting_table":3,"minecraft:chicken":1,"minecraft:ladder":19,"minecraft:moss_carpet":4,"minecraft:beef":2,"minecraft:oak_boat":4,"minecraft:sugar_cane":130,"minecraft:birch_sapling":4,"minecraft:egg":8,"minecraft:raw_iron":55,"minecraft:spruce_fence":1,"minecraft:carrot":216,"minecraft:redstone":38,"regions_unexplored:purple_coneflower":45,"minecraft:tnt":1,"minecraft:arrow":13,"regions_unexplored:maple_sapling":12,"minecraft:beetroot_seeds":15,"sophisticatedbackpacks:copper_backpack":2,"minecraft:mutton":7,"minecraft:white_wool":4,"minecraft:salmon":1,"minecraft:leather":1,"iceandfire:silver_shovel":1,"minecraft:oak_log":61,"regions_unexplored:red_maple_sapling":4,"minecraft:gunpowder":3,"minecraft:wooden_hoe":1,"minecraft:apple":1,"minecraft:kelp":18,"minecraft:iron_ingot":1,"minecraft:glass_bottle":1,"minecraft:iron_sword":2,"minecraft:smooth_basalt":33,"minecraft:pumpkin":3,"minecraft:sweet_berries":3,"regions_unexplored:oak_shrub":2,"minecraft:gravel":102,"minecraft:amethyst_shard":10,"aquaculture:red_grouper":1,"minecraft:spruce_log":9,"minecraft:spider_eye":8,"minecraft:diamond_shovel":1,"minecraft:slime_ball":331,"regions_unexplored:maple_log":44,"minecraft:gray_wool":2,"tombstone:magic_scroll":1,"minecraft:coal":207,"minecraft:ender_pearl":1}},"DataVersion":3465}