{"stats":{"minecraft:crafted":{"minecraft:wooden_sword":1,"minecraft:oak_planks":40,"minecraft:crafting_table":1,"minecraft:stick":14,"minecraft:wooden_pickaxe":2},"minecraft:picked_up":{"minecraft:beetroot":2,"minecraft:apple":1,"minecraft:beetroot_seeds":6,"minecraft:wheat_seeds":3,"minecraft:sand":1,"minecraft:oak_log":10,"minecraft:oak_sapling":4,"twigs:twig":7,"delightful:green_tea_leaf":1,"minecraft:dirt":1},"minecraft:custom":{"minecraft:time_since_rest":36,"minecraft:crouch_one_cm":258,"minecraft:sprint_one_cm":3869,"minecraft:play_time":9877,"minecraft:deaths":4,"minecraft:damage_taken":960,"minecraft:walk_one_cm":30005,"minecraft:sneak_time":48,"minecraft:jump":40,"minecraft:leave_game":1,"minecraft:time_since_death":28,"minecraft:total_world_time":9877,"minecraft:fly_one_cm":4591,"minecraft:interact_with_crafting_table":4,"minecraft:fall_one_cm":476},"minecraft:used":{"minecraft:dirt":1,"minecraft:crafting_table":1},"minecraft:killed_by":{"alexsmobs:grizzly_bear":4},"minecraft:mined":{"minecraft:grass":10,"farmersdelight:wild_beetroots":7,"minecraft:grass_block":1,"minecraft:sand":1,"minecraft:tall_grass":1,"biomesoplenty:sprout":3,"treechop:chopped_log":2,"minecraft:fern":3}},"DataVersion":3465}