{"stats":{"minecraft:broken":{"minecraft:stone_shovel":3},"minecraft:dropped":{"supplementaries:ash":2,"minecraft:moss_carpet":1,"tombstone:grave_dust":2},"minecraft:killed":{"minecraft:zombie":6,"mca:male_zombie_villager":1},"minecraft:picked_up":{"minecraft:birch_log":14,"minecraft:stick":27,"minecraft:crafting_table":1,"regions_unexplored:oak_shrub":2,"minecraft:oak_log":20,"tombstone:grave_dust":2,"minecraft:carrot":9,"minecraft:dirt":483,"minecraft:mossy_cobblestone":12,"minecraft:moss_carpet":3,"regions_unexplored:purple_coneflower":26,"minecraft:rotten_flesh":9,"regions_unexplored:maple_sapling":4,"minecraft:wheat_seeds":12,"delightful:acorn":1,"regions_unexplored:maple_shrub":1,"regions_unexplored:maple_log":19,"supplementaries:ash":4,"tombstone:magic_scroll":1,"minecraft:oak_sapling":1,"delightful:green_tea_leaf":1,"minecraft:birch_sapling":3,"minecraft:cobblestone":4},"minecraft:crafted":{"minecraft:oak_door":3,"minecraft:oak_planks":40,"minecraft:stone_shovel":9,"minecraft:wooden_hoe":1,"minecraft:crafting_table":2,"quark:oak_chest":1,"regions_unexplored:maple_planks":40,"minecraft:wooden_pickaxe":1,"minecraft:wooden_axe":1,"minecraft:stone_pickaxe":1,"minecraft:stone_sword":2,"minecraft:birch_planks":28},"minecraft:mined":{"minecraft:wheat":3,"farmersdelight:wild_carrots":9,"regions_unexplored:mossy_stone":12,"minecraft:crafting_table":1,"treechop:chopped_log":6,"regions_unexplored:sandy_grass":4,"minecraft:grass":9,"minecraft:grass_block":261,"regions_unexplored:oak_shrub":2,"minecraft:oak_log":1,"minecraft:dirt":228,"regions_unexplored:medium_grass":17,"regions_unexplored:purple_coneflower":6,"minecraft:stone":5,"regions_unexplored:maple_shrub":1},"minecraft:custom":{"minecraft:time_since_rest":18146,"minecraft:sprint_one_cm":50066,"minecraft:damage_taken":3070,"minecraft:walk_one_cm":182977,"minecraft:mob_kills":7,"minecraft:drop":3,"minecraft:damage_dealt":4152,"minecraft:interact_with_crafting_table":11,"minecraft:fly_one_cm":67176,"minecraft:open_chest":1,"minecraft:play_time":48344,"tombstone:undead_killed":7,"minecraft:deaths":11,"minecraft:jump":345,"minecraft:walk_on_water_one_cm":931,"minecraft:time_since_death":20545,"minecraft:total_world_time":48344,"minecraft:fall_one_cm":14373},"minecraft:used":{"regions_unexplored:oak_shrub":1,"minecraft:wheat_seeds":14,"minecraft:wooden_hoe":18,"minecraft:wooden_axe":47,"minecraft:stone_sword":108,"minecraft:birch_planks":22,"minecraft:stone_shovel":492,"minecraft:wooden_pickaxe":29,"minecraft:oak_door":2,"regions_unexplored:maple_planks":35,"minecraft:dirt":7,"minecraft:crafting_table":3,"minecraft:carrot":11,"tombstone:gift":4,"quark:oak_chest":1}},"DataVersion":3465}