{"stats":{"minecraft:killed":{"mca:male_zombie_villager":1,"minecraft:witch":2,"alexsmobs:seal":3,"minecraft:spider":1,"minecraft:sheep":3,"minecraft:skeleton":3,"minecraft:zombie":17},"minecraft:custom":{"minecraft:interact_with_furnace":50,"minecraft:mob_kills":30,"tombstone:raider_killed":2,"minecraft:interact_with_crafting_table":31,"minecraft:leave_game":3,"minecraft:time_since_death":153693,"minecraft:sleep_in_bed":4,"minecraft:time_since_rest":5552,"minecraft:sprint_one_cm":196419,"minecraft:damage_taken":4440,"minecraft:walk_one_cm":576938,"minecraft:drop":4,"minecraft:damage_dealt":8883,"minecraft:damage_dealt_absorbed":140,"minecraft:swim_one_cm":1823,"minecraft:fly_one_cm":207269,"minecraft:open_chest":46,"minecraft:crouch_one_cm":11902,"minecraft:play_time":226552,"tombstone:undead_killed":21,"minecraft:deaths":15,"minecraft:sneak_time":2541,"minecraft:walk_under_water_one_cm":2079,"minecraft:jump":1059,"minecraft:walk_on_water_one_cm":5749,"minecraft:total_world_time":226552,"minecraft:fall_one_cm":25064},"minecraft:crafted":{"minecraft:oak_door":3,"minecraft:oak_planks":40,"minecraft:stone_shovel":11,"minecraft:crafting_table":2,"regions_unexplored:maple_planks":40,"minecraft:wooden_pickaxe":1,"minecraft:furnace":1,"minecraft:bone_meal":15,"minecraft:birch_planks":28,"minecraft:cooked_mutton":4,"minecraft:air":0,"minecraft:glass":255,"minecraft:white_wool":1,"minecraft:wooden_hoe":1,"minecraft:white_dye":1,"minecraft:stick":20,"quark:oak_chest":2,"minecraft:iron_ingot":2,"minecraft:stone_pickaxe":8,"minecraft:wooden_axe":1,"minecraft:stone_sword":2,"minecraft:white_bed":1,"minecraft:torch":8},"minecraft:used":{"minecraft:wheat_seeds":22,"minecraft:cooked_mutton":4,"minecraft:stone_sword":260,"minecraft:birch_planks":22,"minecraft:glass_bottle":2,"minecraft:stone_shovel":1400,"minecraft:stone_pickaxe":552,"sophisticatedbackpacks:copper_backpack":1,"minecraft:wooden_pickaxe":70,"minecraft:sugar_cane":3,"minecraft:oak_door":2,"regions_unexplored:maple_planks":35,"minecraft:torch":8,"minecraft:dirt":56,"minecraft:crafting_table":4,"minecraft:carrot":33,"minecraft:white_bed":1,"regions_unexplored:oak_shrub":1,"minecraft:glass":253,"minecraft:wooden_axe":50,"minecraft:wooden_hoe":38,"minecraft:bread":1,"minecraft:cobblestone":3,"minecraft:potion":1,"minecraft:furnace":1,"minecraft:beetroot_seeds":7,"tombstone:gift":6,"quark:oak_chest":2,"minecraft:bone_meal":14},"minecraft:killed_by":{"minecraft:zombie":1},"minecraft:picked_up":{"minecraft:birch_log":14,"minecraft:crafting_table":2,"regions_unexplored:maple_planks":1,"minecraft:oak_log":20,"minecraft:gunpowder":1,"minecraft:dirt":1142,"minecraft:string":2,"minecraft:moss_carpet":3,"minecraft:raw_copper":27,"minecraft:bone":2,"minecraft:beetroot":2,"minecraft:wheat_seeds":30,"delightful:acorn":1,"regions_unexplored:maple_shrub":1,"minecraft:glass_bottle":1,"delightful:green_tea_leaf":1,"minecraft:sugar_cane":3,"minecraft:birch_sapling":3,"minecraft:egg":5,"minecraft:stick":27,"minecraft:raw_iron":2,"minecraft:pumpkin":3,"regions_unexplored:oak_shrub":2,"minecraft:sand":254,"minecraft:carrot":36,"tombstone:grave_dust":3,"sophisticatedbackpacks:jukebox_upgrade":1,"minecraft:redstone":1,"minecraft:spider_eye":3,"minecraft:mossy_cobblestone":12,"regions_unexplored:purple_coneflower":35,"quark:clear_shard":9,"minecraft:arrow":2,"minecraft:rotten_flesh":17,"regions_unexplored:maple_sapling":4,"minecraft:beetroot_seeds":5,"minecraft:granite":36,"regions_unexplored:maple_log":19,"minecraft:gray_wool":1,"sophisticatedbackpacks:copper_backpack":2,"supplementaries:ash":4,"tombstone:magic_scroll":1,"minecraft:oak_sapling":1,"minecraft:mutton":4,"minecraft:coal":51,"iceandfire:raw_silver":5,"minecraft:white_wool":2,"minecraft:cobblestone":482},"minecraft:mined":{"iceandfire:silver_ore":5,"regions_unexplored:maple_planks":1,"farmersdelight:wild_carrots":15,"minecraft:crafting_table":2,"minecraft:granite":37,"minecraft:grass_block":475,"minecraft:cobblestone":1,"minecraft:copper_ore":10,"minecraft:glass":3,"minecraft:tall_grass":5,"regions_unexplored:purple_coneflower":6,"minecraft:sugar_cane":2,"minecraft:carrots":7,"minecraft:iron_ore":2,"minecraft:wheat":10,"regions_unexplored:mossy_stone":12,"treechop:chopped_log":6,"minecraft:pumpkin":4,"regions_unexplored:sandy_grass":8,"minecraft:grass":13,"minecraft:beetroots":2,"minecraft:coal_ore":51,"regions_unexplored:oak_shrub":2,"minecraft:oak_log":1,"minecraft:sand":260,"minecraft:dirt":677,"regions_unexplored:medium_grass":28,"minecraft:stone":490,"regions_unexplored:maple_shrub":1,"sophisticatedbackpacks:copper_backpack":1},"minecraft:broken":{"minecraft:stone_pickaxe":4,"minecraft:stone_sword":1,"minecraft:stone_shovel":10,"minecraft:wooden_pickaxe":1},"minecraft:dropped":{"minecraft:moss_carpet":1,"supplementaries:ash":2,"tombstone:grave_dust":2,"sophisticatedbackpacks:jukebox_upgrade":1}},"DataVersion":3465}