{"stats":{"minecraft:picked_up":{"minecraft:wooden_axe":1,"minecraft:fishing_rod":1,"minecraft:crafting_table":1,"minecraft:wheat":7,"minecraft:ladder":1,"minecraft:potion":1,"minecraft:shield":2,"minecraft:string":153,"minecraft:raw_copper":82,"minecraft:iron_shovel":1,"minecraft:cobbled_deepslate":67,"minecraft:bucket":1,"minecraft:iron_pickaxe":4,"minecraft:melon_slice":50,"minecraft:furnace":1,"minecraft:stick":18,"minecraft:raw_iron":65,"minecraft:oak_fence":8,"minecraft:torch":1,"minecraft:porkchop":2,"minecraft:diorite":112,"minecraft:carrot":14,"minecraft:stone_sword":3,"minecraft:arrow":13,"minecraft:rotten_flesh":62,"minecraft:cooked_cod":1,"minecraft:saddle":1,"minecraft:mutton":2,"minecraft:cod":3,"minecraft:white_wool":4,"minecraft:rail":90,"minecraft:cobblestone":710,"minecraft:birch_log":35,"minecraft:andesite":154,"minecraft:potato":2,"minecraft:flint":4,"minecraft:oak_log":187,"minecraft:gunpowder":5,"minecraft:dirt":143,"minecraft:name_tag":2,"minecraft:cooked_mutton":7,"minecraft:bone":19,"minecraft:apple":2,"minecraft:wheat_seeds":24,"minecraft:iron_ingot":4,"minecraft:stone_pickaxe":6,"minecraft:powered_rail":184,"minecraft:iron_sword":1,"minecraft:oak_planks":33,"minecraft:stone_hoe":5,"minecraft:gravel":24,"minecraft:spider_eye":3,"minecraft:stone_axe":4,"minecraft:granite":75,"minecraft:oak_sapling":22,"minecraft:coal":39},"minecraft:broken":{"minecraft:stone_sword":1,"minecraft:wooden_pickaxe":1,"minecraft:stone_pickaxe":5,"minecraft:wooden_sword":1,"minecraft:wooden_axe":1},"minecraft:used":{"minecraft:stone_sword":132,"minecraft:stone_shovel":107,"minecraft:ladder":60,"minecraft:chest":3,"minecraft:shield":15,"minecraft:iron_sword":140,"minecraft:stone_hoe":105,"minecraft:torch":13,"minecraft:dirt":19,"minecraft:carrot":13,"minecraft:granite":11,"minecraft:wooden_axe":59,"minecraft:slime_block":4,"minecraft:melon_seeds":8,"minecraft:furnace":2,"minecraft:oak_sapling":1,"minecraft:cooked_cod":2,"minecraft:beetroot_seeds":2,"minecraft:potato":1,"minecraft:cobbled_deepslate":25,"minecraft:observer":18,"minecraft:wheat_seeds":7,"minecraft:cooked_mutton":1,"minecraft:water_bucket":3,"minecraft:diorite":4,"minecraft:stone_pickaxe":545,"minecraft:powered_rail":2,"minecraft:wooden_pickaxe":59,"minecraft:rail":2,"minecraft:crafting_table":3,"minecraft:sticky_piston":1,"minecraft:lever":1,"minecraft:melon_slice":19,"minecraft:bread":3,"minecraft:iron_pickaxe":63,"minecraft:stone_axe":49,"minecraft:chiseled_stone_bricks":3,"minecraft:fishing_rod":8,"minecraft:wooden_sword":61,"minecraft:cobblestone":196,"minecraft:cooked_porkchop":2,"minecraft:bucket":3,"minecraft:andesite":2,"minecraft:bone_meal":24},"minecraft:dropped":{"minecraft:wooden_axe":1,"minecraft:melon_slice":1,"minecraft:stone_sword":1},"minecraft:killed_by":{"minecraft:spider":2,"minecraft:enderman":1,"minecraft:zombie":2},"minecraft:crafted":{"minecraft:wooden_sword":1,"minecraft:oak_planks":48,"minecraft:stone_shovel":1,"minecraft:fishing_rod":1,"minecraft:furnace":1,"minecraft:bone_meal":24,"minecraft:cooked_mutton":2,"minecraft:stone_pickaxe":4,"minecraft:chest":3,"minecraft:stone_hoe":1,"minecraft:cooked_cod":3,"minecraft:cooked_porkchop":2,"minecraft:crafting_table":2,"minecraft:wooden_pickaxe":1,"minecraft:iron_sword":1,"minecraft:copper_ingot":11,"minecraft:birch_planks":28,"minecraft:stone_axe":1,"minecraft:bread":2,"minecraft:air":0,"minecraft:charcoal":9,"minecraft:shield":1,"minecraft:stick":36,"minecraft:iron_ingot":36,"minecraft:iron_pickaxe":4,"minecraft:wooden_axe":1,"minecraft:stone_sword":1,"minecraft:iron_shovel":1,"minecraft:torch":16,"minecraft:shears":1},"minecraft:custom":{"minecraft:mob_kills":57,"minecraft:interact_with_crafting_table":21,"minecraft:leave_game":5,"minecraft:time_since_death":1658,"minecraft:climb_one_cm":22358,"minecraft:sprint_one_cm":113942,"minecraft:walk_one_cm":581056,"minecraft:damage_blocked_by_shield":315,"minecraft:drop":3,"minecraft:play_time":155969,"minecraft:deaths":6,"minecraft:sneak_time":646,"minecraft:walk_under_water_one_cm":15590,"minecraft:jump":1035,"minecraft:walk_on_water_one_cm":3110,"minecraft:total_world_time":155969,"minecraft:interact_with_furnace":25,"minecraft:sleep_in_bed":2,"minecraft:time_since_rest":1687,"minecraft:damage_taken":2360,"minecraft:damage_dealt":9589,"minecraft:fly_one_cm":149416,"minecraft:open_chest":40,"minecraft:crouch_one_cm":867,"minecraft:fish_caught":3,"minecraft:fall_one_cm":10257},"minecraft:mined":{"minecraft:oak_sapling":1,"minecraft:farmland":1,"minecraft:granite":48,"minecraft:grass_block":86,"minecraft:spawner":1,"minecraft:furnace":1,"minecraft:carrots":4,"minecraft:iron_ore":31,"minecraft:cobbled_deepslate":1,"minecraft:andesite":80,"minecraft:deepslate_iron_ore":8,"minecraft:stone":314,"minecraft:oak_fence":4,"minecraft:crafting_table":1,"minecraft:torch":1,"minecraft:melon":7,"minecraft:cobblestone":6,"minecraft:copper_ore":17,"minecraft:tall_grass":2,"minecraft:deepslate_coal_ore":1,"minecraft:oak_planks":14,"minecraft:diorite":31,"minecraft:deepslate_copper_ore":3,"minecraft:powered_rail":2,"minecraft:birch_log":14,"minecraft:wheat":7,"minecraft:grass":50,"minecraft:coal_ore":25,"minecraft:oak_log":60,"minecraft:gravel":11,"minecraft:dirt":45,"minecraft:cobweb":67,"minecraft:oak_leaves":22,"minecraft:deepslate":58},"minecraft:killed":{"minecraft:cave_spider":6,"minecraft:spider":4,"minecraft:skeleton":6,"minecraft:pig":2,"minecraft:creeper":2,"minecraft:sheep":1,"minecraft:zombie":33}},"DataVersion":3465}