{"stats":{"minecraft:picked_up":{"minecraft:book":5,"minecraft:iron_door":1,"minecraft:enchanted_book":1,"minecraft:diorite":3,"minecraft:carrot":33,"minecraft:redstone":44,"minecraft:dirt":56,"minecraft:string":54,"minecraft:raw_copper":51,"minecraft:apple":9,"minecraft:rotten_flesh":13,"minecraft:beetroot":8,"minecraft:wheat_seeds":19,"minecraft:cobbled_deepslate":114,"minecraft:eye_armor_trim_smithing_template":2,"minecraft:oak_boat":1,"minecraft:bookshelf":8,"minecraft:gold_ingot":11,"minecraft:bread":4,"minecraft:baked_potato":4,"minecraft:powered_rail":60,"minecraft:sugar_cane":3,"minecraft:chest":4,"minecraft:mutton":6,"minecraft:ender_pearl":2,"minecraft:white_wool":3,"minecraft:cobblestone":46,"minecraft:egg":1},"minecraft:used":{"minecraft:water_bucket":1,"minecraft:lava_bucket":1,"minecraft:diamond_axe":4,"minecraft:bucket":2},"minecraft:crafted":{"minecraft:diamond_axe":1},"minecraft:custom":{"minecraft:time_since_rest":3476,"minecraft:damage_taken":130,"minecraft:walk_one_cm":269345,"minecraft:interact_with_crafting_table":1,"minecraft:fly_one_cm":10836,"minecraft:open_chest":7,"minecraft:crouch_one_cm":10795,"minecraft:play_time":3476,"minecraft:sneak_time":101,"minecraft:jump":11,"minecraft:leave_game":2,"minecraft:time_since_death":3476,"minecraft:total_world_time":3476},"minecraft:mined":{"minecraft:carrots":30,"minecraft:melon_stem":8,"minecraft:potatoes":2,"minecraft:chest":4,"minecraft:wall_torch":1}},"DataVersion":3465}